City,Country,Date,Cloudiness,Lat,Lng,Humidity,Max Temp,Wind Speed
Rikitea,PF,1546823743,100,-23.12,-134.97,100,77.6,11.18
Ushuaia,AR,1546819200,75,-54.81,-68.31,80,39.2,23.04
Lompoc,US,1546822680,90,34.64,-120.46,79,57.92,14.99
Spearfish,US,1546823700,90,44.49,-103.86,56,42.8,9.17
Barrow,AR,1546823906,32,-38.31,-60.23,66,68.82,12.19
Butaritari,KI,1546823941,20,3.07,172.79,100,83.13,13.76
Mariental,DE,1546824179,92,52.28,10.99,100,39.98,10.4
Lebu,ET,1546823905,8,8.96,38.73,71,32.87,2.57
Upernavik,GL,1546823905,0,72.79,-56.15,100,3.12,9.17
Ballina,IE,1546823905,92,54.11,-9.15,96,51.59,13.98
Saldanha,PT,1546823906,0,41.42,-6.55,72,19.77,2.68
Ushuaia,AR,1546819200,75,-54.81,-68.31,80,39.2,23.04
Barrow,AR,1546823906,32,-38.31,-60.23,66,68.82,12.19
Arraial do Cabo,BR,1546823906,32,-22.97,-42.02,78,80.25,20.02
Along,IN,1546823906,0,28.17,94.8,59,40.97,2.57
Atuona,PF,1546823907,36,-9.8,-139.03,100,79.67,12.86
Barrow,AR,1546823906,32,-38.31,-60.23,66,68.82,12.19
Grand Gaube,MU,1546822800,75,-20.01,57.66,88,80.6,14.99
Chokurdakh,RU,1546823907,8,70.62,147.9,0,-41.48,2.68
Atuona,PF,1546823907,36,-9.8,-139.03,100,79.67,12.86
Punta Arenas,CL,1546822800,40,-53.16,-70.91,95,44.6,9.17
Jamestown,AU,1546823908,0,-33.21,138.6,42,74.22,7.49
Busselton,AU,1546823908,0,-33.64,115.35,98,68.42,18.57
Pevek,RU,1546823909,0,69.7,170.27,100,-28.97,4.36
Ajaccio,FR,1546821000,0,41.93,8.74,100,42.8,8.05
Kruisfontein,ZA,1546823910,8,-34.0,24.73,88,62.12,8.5
Ushuaia,AR,1546819200,75,-54.81,-68.31,80,39.2,23.04
Puerto Armuelles,PA,1546819200,20,8.27,-82.86,48,84.2,23.04
Bilibino,RU,1546823910,32,68.06,166.44,0,-40.49,2.8
Zhanakorgan,KZ,1546823910,48,43.91,67.25,63,22.43,5.59
Puerto Ayora,EC,1546819200,20,-0.74,-90.35,65,82.4,16.11
Pitimbu,BR,1546822800,0,-7.47,-34.81,83,77.0,4.7
Fort Nelson,CA,1546819200,90,58.81,-122.69,77,-0.41,11.41
Saskylakh,RU,1546823911,12,71.97,114.09,0,-38.15,3.02
Rikitea,PF,1546823743,100,-23.12,-134.97,100,77.6,11.18
Golden,CA,1546819200,90,51.3,-116.96,69,33.8,2.24
Punta Arenas,CL,1546822800,40,-53.16,-70.91,95,44.6,9.17
Puerto Ayora,EC,1546819200,20,-0.74,-90.35,65,82.4,16.11
Severo-Kurilsk,RU,1546823912,44,50.68,156.12,100,25.67,26.96
Vaini,IN,1546822800,0,15.34,74.49,71,64.4,4.36
Mpika,ZM,1546823913,92,-11.84,31.4,99,64.37,4.25
Visnes,NO,1546822200,48,59.36,5.22,86,41.0,5.82
New Bern,US,1546822560,1,35.11,-77.04,86,57.92,5.93
Youghal,IE,1546821000,75,51.95,-7.85,100,48.2,9.17
Mount Gambier,AU,1546822800,12,-37.83,140.78,53,71.6,6.93
Kavieng,PG,1546823914,68,-2.57,150.8,95,85.88,12.97
Rikitea,PF,1546823743,100,-23.12,-134.97,100,77.6,11.18
Acapulco,MX,1546822020,40,16.86,-99.88,78,80.6,8.05
New Norfolk,AU,1546822800,20,-42.78,147.06,42,68.0,11.41
Hermanus,ZA,1546823915,0,-34.42,19.24,95,53.97,3.91
Namatanai,PG,1546823915,68,-3.66,152.44,100,83.09,14.76
Boyolangu,ID,1546823915,20,-8.09,111.9,97,74.9,3.36
Torbay,CA,1546821420,90,47.66,-52.73,93,35.6,35.57
Guerrero Negro,MX,1546823916,36,27.97,-114.04,73,61.4,12.86
Rikitea,PF,1546823743,100,-23.12,-134.97,100,77.6,11.18
Rikitea,PF,1546823743,100,-23.12,-134.97,100,77.6,11.18
Ushuaia,AR,1546819200,75,-54.81,-68.31,80,39.2,23.04
Rio Branco,BR,1546822800,0,-9.98,-67.82,100,75.2,6.93
Bilma,NE,1546823917,0,18.69,12.92,28,47.27,10.74
Steinbach,CA,1546821900,90,49.53,-96.69,73,23.0,20.8
Hasaki,JP,1546822800,20,35.73,140.83,41,42.8,11.41
Ponta do Sol,BR,1546823919,24,-20.63,-46.0,94,64.1,2.35
Hilo,US,1546822380,90,19.71,-155.08,57,78.08,6.93
New Norfolk,AU,1546822800,20,-42.78,147.06,42,68.0,11.41
Rikitea,PF,1546823743,100,-23.12,-134.97,100,77.6,11.18
Hilo,US,1546822380,90,19.71,-155.08,57,78.08,6.93
Ushuaia,AR,1546819200,75,-54.81,-68.31,80,39.2,23.04
Busselton,AU,1546823908,0,-33.64,115.35,98,68.42,18.57
Ponta do Sol,BR,1546823919,24,-20.63,-46.0,94,64.1,2.35
Hilo,US,1546822380,90,19.71,-155.08,57,78.08,6.93
Pandamatenga,BW,1546823921,24,-18.54,25.64,95,63.56,2.91
Nikolskoye,RU,1546822800,90,59.7,30.79,79,24.8,8.95
Esperance,TT,1546822800,20,10.24,-61.45,83,77.0,5.82
Otavi,NA,1546823921,76,-19.64,17.34,93,62.88,6.26
Fortuna,ES,1546821000,0,38.18,-1.13,60,41.0,6.93
Liberal,US,1546822500,1,37.04,-100.92,70,57.92,21.92
Gornopravdinsk,RU,1546823922,80,60.06,69.92,83,12.89,8.05
Lincoln,GB,1546822200,90,53.23,-0.54,87,46.4,9.17
Provideniya,RU,1546823923,12,64.42,-173.23,100,5.6,26.06
Concordia,AR,1546823923,88,-31.4,-58.02,94,75.8,15.43
Bonavista,CA,1546823923,48,48.65,-53.11,86,38.4,22.15
Buchanan,LR,1546822800,20,5.88,-10.05,94,75.2,6.71
Oshnaviyeh,IR,1546822800,20,37.04,45.1,59,37.4,16.11
Misratah,LY,1546823924,88,32.38,15.09,91,58.97,18.01
Fairbanks,US,1546822680,0,64.84,-147.72,69,-33.34,2.91
Rikitea,PF,1546823743,100,-23.12,-134.97,100,77.6,11.18
Fortuna,ES,1546821000,0,38.18,-1.13,60,41.0,6.93
Hobart,AU,1546822800,20,-42.88,147.33,42,68.0,11.41
Avarua,CK,1546822800,75,-21.21,-159.78,69,80.6,11.41
Ushuaia,AR,1546819200,75,-54.81,-68.31,80,39.2,23.04
Waitati,NZ,1546823926,8,-45.75,170.57,77,65.72,4.47
Juneau,US,1546822560,20,58.3,-134.42,49,21.02,13.87
Talnakh,RU,1546823926,56,69.49,88.39,75,-0.57,21.03
Erzin,TR,1546822200,40,36.95,36.2,100,48.2,11.41
Basugaon,IN,1546823927,0,26.47,90.4,79,43.35,3.02
Rikitea,PF,1546823743,100,-23.12,-134.97,100,77.6,11.18
Dingle,PH,1546823927,0,11.0,122.67,69,76.65,14.76
Ushuaia,AR,1546819200,75,-54.81,-68.31,80,39.2,23.04
Barrow,AR,1546823906,32,-38.31,-60.23,66,68.82,12.19
Morant Bay,JM,1546819200,20,17.88,-76.41,54,82.4,6.93
Aykhal,RU,1546823928,36,65.95,111.51,55,-12.45,5.7
Atherton,GB,1546822200,90,53.52,-2.49,87,46.4,3.36
Caravelas,BR,1546823929,68,-17.73,-39.27,100,80.52,14.65
Pio XII,BR,1546823929,88,-3.89,-45.17,90,78.0,6.15
Mataura,NZ,1546823929,48,-46.19,168.86,64,65.85,16.89
Hilo,US,1546822380,90,19.71,-155.08,57,78.08,6.93
Trowbridge,GB,1546822200,90,51.32,-2.2,100,46.4,5.82
Shitanjing,CN,1546823930,36,39.23,106.34,70,3.48,2.46
Saskylakh,RU,1546823911,12,71.97,114.09,0,-38.15,3.02
Axim,GH,1546823930,0,4.87,-2.24,98,83.58,11.97
Ranibennur,IN,1546823931,0,14.62,75.62,89,53.75,4.7
Ushuaia,AR,1546819200,75,-54.81,-68.31,80,39.2,23.04
Lere,TD,1546823931,0,9.66,14.23,38,66.26,8.95
Bull Savanna,JM,1546823932,48,17.89,-77.59,66,74.72,3.69
Kapaa,US,1546822560,20,22.08,-159.32,57,80.06,8.05
Korsakov,RU,1546822800,20,46.63,142.78,77,1.4,2.24
Abhar,IR,1546823933,48,36.14,49.22,84,35.57,13.09
Dikson,RU,1546823933,44,73.51,80.55,100,-7.28,27.29
Busselton,AU,1546823908,0,-33.64,115.35,98,68.42,18.57
Ushuaia,AR,1546819200,75,-54.81,-68.31,80,39.2,23.04
Adrar,DZ,1546819200,0,27.87,-0.29,45,44.6,8.05
Bayir,TR,1546822200,75,37.27,28.22,93,39.2,4.7
La Ronge,CA,1546819200,90,55.1,-105.3,85,14.0,6.93
East London,ZA,1546823934,0,-33.02,27.91,100,69.14,7.61
Bethel,US,1546822560,90,60.79,-161.76,91,10.94,9.17
Barrow,AR,1546823906,32,-38.31,-60.23,66,68.82,12.19
Hithadhoo,MV,1546823935,92,-0.6,73.08,100,77.51,0.89
Punta Arenas,CL,1546822800,40,-53.16,-70.91,95,44.6,9.17
Geraldton,CA,1546822800,90,49.72,-86.95,77,3.2,5.82
Saint-Philippe,CA,1546822800,1,45.36,-73.48,56,17.24,14.99
Geraldton,CA,1546822800,90,49.72,-86.95,77,3.2,5.82
Saskylakh,RU,1546823911,12,71.97,114.09,0,-38.15,3.02
Mataura,NZ,1546823929,48,-46.19,168.86,64,65.85,16.89
Trairi,BR,1546823937,80,-3.28,-39.27,100,81.92,14.88
Lashio,MM,1546823937,8,22.93,97.75,95,53.07,1.9
Busselton,AU,1546823908,0,-33.64,115.35,98,68.42,18.57
Jamestown,AU,1546823908,0,-33.21,138.6,42,74.22,7.49
Poya,NC,1546823938,0,-21.35,165.16,92,78.05,14.2
Ribeira Grande,PT,1546823938,92,38.52,-28.7,98,63.6,27.07
Astorga,ES,1546821000,0,42.46,-6.05,53,24.8,3.36
Yulara,AU,1546822800,0,-25.24,130.99,13,89.6,12.75
Ponta do Sol,BR,1546823919,24,-20.63,-46.0,94,64.1,2.35
Rabaul,PG,1546823939,64,-4.2,152.17,100,81.02,9.84
Rikitea,PF,1546823743,100,-23.12,-134.97,100,77.6,11.18
Bethel,US,1546822560,90,60.79,-161.76,91,10.94,9.17
Kiunga,PG,1546823940,56,-6.12,141.3,89,80.07,2.91
Dzhebariki-Khaya,RU,1546823940,36,62.22,135.8,82,-39.41,2.68
Asosa,ET,1546823940,8,10.07,34.53,59,56.58,2.91
Rikitea,PF,1546823743,100,-23.12,-134.97,100,77.6,11.18
Hobart,AU,1546822800,20,-42.88,147.33,42,68.0,11.41
Butaritari,KI,1546823941,20,3.07,172.79,100,83.13,13.76
New Norfolk,AU,1546822800,20,-42.78,147.06,42,68.0,11.41
Nanortalik,GL,1546823941,80,60.14,-45.24,96,30.48,9.17
Punta Arenas,CL,1546822800,40,-53.16,-70.91,95,44.6,9.17
Atuona,PF,1546823907,36,-9.8,-139.03,100,79.67,12.86
Komsomolskiy,RU,1546823942,76,67.55,63.78,84,4.7,10.18
Xinyang,CN,1546823943,92,32.13,114.07,89,30.48,4.47
Rikitea,PF,1546823743,100,-23.12,-134.97,100,77.6,11.18
Ushuaia,AR,1546819200,75,-54.81,-68.31,80,39.2,23.04
Hilo,US,1546822380,90,19.71,-155.08,57,78.08,6.93
Wadi Musa,JO,1546823943,12,30.32,35.48,68,39.3,5.03
Rikitea,PF,1546823743,100,-23.12,-134.97,100,77.6,11.18
Barrow,AR,1546823906,32,-38.31,-60.23,66,68.82,12.19
Dikson,RU,1546823933,44,73.51,80.55,100,-7.28,27.29
Nsanje,MZ,1546823944,92,-16.92,35.26,100,72.29,4.03
Los Llanos de Aridane,ES,1546822800,80,28.66,-17.92,59,64.4,9.17
Bermeo,ES,1546821000,0,43.42,-2.72,87,42.8,1.68
Ixtapa,MX,1546822140,40,20.71,-105.21,78,77.0,1.9
Sao Filipe,CV,1546823945,0,14.9,-24.5,96,73.28,9.51
Punta Arenas,CL,1546822800,40,-53.16,-70.91,95,44.6,9.17
Kapaa,US,1546822560,20,22.08,-159.32,57,80.06,8.05
Esperance,TT,1546822800,20,10.24,-61.45,83,77.0,5.82
Qaanaaq,GL,1546823946,0,77.48,-69.36,93,-16.28,6.49
Sola,NO,1546822200,20,58.89,5.65,86,41.0,11.41
Bathsheba,BB,1546822800,40,13.22,-59.52,78,78.8,16.11
Zolotkovo,RU,1546823947,56,55.53,41.1,80,8.52,3.69
Saskylakh,RU,1546823911,12,71.97,114.09,0,-38.15,3.02
Castrillon,ES,1546821000,0,43.4,-6.79,86,39.2,4.7
Syamzha,RU,1546823947,64,60.02,41.06,88,11.58,11.63
Hermanus,ZA,1546823915,0,-34.42,19.24,95,53.97,3.91
Mount Gambier,AU,1546822800,12,-37.83,140.78,53,71.6,6.93
Port Alfred,ZA,1546823948,0,-33.59,26.89,100,64.95,6.6
Cockburn Town,TC,1546823948,0,21.46,-71.14,99,79.17,13.98
Salalah,OM,1546822200,75,17.01,54.1,78,71.6,2.24
Esperance,TT,1546822800,20,10.24,-61.45,83,77.0,5.82
Rikitea,PF,1546823743,100,-23.12,-134.97,100,77.6,11.18
Hermanus,ZA,1546823915,0,-34.42,19.24,95,53.97,3.91
Lebu,ET,1546823905,8,8.96,38.73,71,32.87,2.57
Rikitea,PF,1546823743,100,-23.12,-134.97,100,77.6,11.18
Mataura,NZ,1546823929,48,-46.19,168.86,64,65.85,16.89
Albany,US,1546822620,1,42.65,-73.75,45,26.96,9.17
Barrow,AR,1546823906,32,-38.31,-60.23,66,68.82,12.19
Port Alfred,ZA,1546823948,0,-33.59,26.89,100,64.95,6.6
Kodiak,US,1546822500,40,39.95,-94.76,66,55.94,18.34
Barrow,AR,1546823906,32,-38.31,-60.23,66,68.82,12.19
Severo-Kurilsk,RU,1546823912,44,50.68,156.12,100,25.67,26.96
Snyder,US,1546822500,1,32.72,-100.92,60,65.12,6.93
Puerto Ayora,EC,1546819200,20,-0.74,-90.35,65,82.4,16.11
Muli,IN,1546823951,0,22.62,71.45,79,45.33,4.47
Yakovlevka,RU,1546823951,0,44.43,133.47,51,-9.89,1.79
Belogorsk,UA,1546823951,92,45.06,34.59,100,28.68,12.19
Nikolskoye,RU,1546822800,90,59.7,30.79,79,24.8,8.95
Belen,TR,1546822200,40,36.49,36.19,100,48.2,11.41
Cherskiy,RU,1546823952,8,68.75,161.3,85,-39.68,1.68
Souillac,FR,1546821000,90,45.6,-0.6,80,39.2,3.36
Punta Arenas,CL,1546822800,40,-53.16,-70.91,95,44.6,9.17
Ushuaia,AR,1546819200,75,-54.81,-68.31,80,39.2,23.04
Busselton,AU,1546823908,0,-33.64,115.35,98,68.42,18.57
Ponta Delgada,PT,1546821000,40,37.73,-25.67,93,62.6,19.46
Ponta do Sol,BR,1546823919,24,-20.63,-46.0,94,64.1,2.35
Palmer,AU,1546822800,0,-34.85,139.16,53,71.6,8.05
Hithadhoo,MV,1546823935,92,-0.6,73.08,100,77.51,0.89
Debre Tabor,ET,1546823954,12,11.86,38.01,41,44.48,3.13
Mandera,ET,1546823954,48,3.94,41.86,29,72.29,5.26
Geraldton,CA,1546822800,90,49.72,-86.95,77,3.2,5.82
Ocos,GT,1546821600,40,14.51,-92.19,78,80.6,4.7
Kapaa,US,1546822560,20,22.08,-159.32,57,80.06,8.05
Bubaque,GW,1546823955,20,11.28,-15.83,99,79.17,3.91
Saint-Philippe,CA,1546822800,1,45.36,-73.48,56,17.24,14.99
Rikitea,PF,1546823743,100,-23.12,-134.97,100,77.6,11.18
Qaanaaq,GL,1546823946,0,77.48,-69.36,93,-16.28,6.49
Tucurui,BR,1546823750,76,-3.77,-49.67,90,77.78,3.36
Saskylakh,RU,1546823911,12,71.97,114.09,0,-38.15,3.02
Ushuaia,AR,1546819200,75,-54.81,-68.31,80,39.2,23.04
Araucaria,BR,1546822800,75,-25.59,-49.41,100,69.8,4.7
Punta Arenas,CL,1546822800,40,-53.16,-70.91,95,44.6,9.17
Jamestown,AU,1546823908,0,-33.21,138.6,42,74.22,7.49
Chuy,UY,1546823957,80,-33.69,-53.46,69,82.68,19.69
Bluff,AU,1546823957,48,-23.58,149.07,53,84.8,13.76
Puerto Ayora,EC,1546819200,20,-0.74,-90.35,65,82.4,16.11
Jamestown,AU,1546823908,0,-33.21,138.6,42,74.22,7.49
Punta Arenas,CL,1546822800,40,-53.16,-70.91,95,44.6,9.17
Cabo San Lucas,MX,1546822860,90,22.89,-109.91,94,71.6,11.18
Dalbandin,PK,1546823958,0,28.9,64.41,81,38.09,3.02
Tiksi,RU,1546823958,44,71.64,128.87,68,-23.39,2.46
Ushuaia,AR,1546819200,75,-54.81,-68.31,80,39.2,23.04
Ushuaia,AR,1546819200,75,-54.81,-68.31,80,39.2,23.04
Qaanaaq,GL,1546823946,0,77.48,-69.36,93,-16.28,6.49
Tamandare,BR,1546823959,48,-8.28,-70.75,57,85.61,5.14
Saint-Francois,FR,1546821000,90,46.42,3.91,80,35.6,2.24
Kavieng,PG,1546823914,68,-2.57,150.8,95,85.88,12.97
Iqaluit,CA,1546822800,90,63.75,-68.52,57,-11.21,8.05
Makurdi,NG,1546823809,0,7.73,8.54,44,72.78,9.4
Oistins,BB,1546822800,40,13.07,-59.53,78,78.8,16.11
Baruun-Urt,MN,1546823960,0,46.68,113.28,59,-14.43,9.28
Mackay,CA,1546822800,90,53.65,-115.58,85,17.6,9.17
Nayoro,JP,1546823961,56,44.36,142.46,71,16.08,4.14
Qaanaaq,GL,1546823946,0,77.48,-69.36,93,-16.28,6.49
Chuy,UY,1546823957,80,-33.69,-53.46,69,82.68,19.69
Moron,VE,1546823961,0,10.49,-68.2,73,71.12,2.35
Souillac,FR,1546821000,90,45.6,-0.6,80,39.2,3.36
Ushuaia,AR,1546819200,75,-54.81,-68.31,80,39.2,23.04
Rikitea,PF,1546823743,100,-23.12,-134.97,100,77.6,11.18
Morro Bay,US,1546822560,90,35.37,-120.85,74,57.92,11.41
Athabasca,CA,1546823962,92,54.72,-113.29,92,23.87,10.85
Nabire,ID,1546823962,32,-3.36,135.5,88,76.02,2.13
Hithadhoo,MV,1546823935,92,-0.6,73.08,100,77.51,0.89
Busselton,AU,1546823908,0,-33.64,115.35,98,68.42,18.57
Lebu,ET,1546823905,8,8.96,38.73,71,32.87,2.57
Cape Town,ZA,1546822800,0,-33.93,18.42,82,64.4,10.29
Georgetown,GY,1546822800,75,6.8,-58.16,83,80.6,13.87
Hermanus,ZA,1546823915,0,-34.42,19.24,95,53.97,3.91
Avarua,CK,1546822800,75,-21.21,-159.78,69,80.6,11.41
Hermanus,ZA,1546823915,0,-34.42,19.24,95,53.97,3.91
Bluff,AU,1546823957,48,-23.58,149.07,53,84.8,13.76
Marsh Harbour,BS,1546823964,0,26.54,-77.06,100,71.97,8.72
Bluff,AU,1546823957,48,-23.58,149.07,53,84.8,13.76
Okha,RU,1546823965,0,53.59,142.95,80,1.55,16.89
Seoul,KR,1546822800,0,37.57,126.98,73,30.2,1.12
Areka,ET,1546823965,8,7.07,37.71,37,48.35,4.14
Puerto Ayora,EC,1546819200,20,-0.74,-90.35,65,82.4,16.11
Pisco,PE,1546822800,20,-13.71,-76.2,88,71.6,11.41
Torbay,CA,1546821420,90,47.66,-52.73,93,35.6,35.57
Kruisfontein,ZA,1546823910,8,-34.0,24.73,88,62.12,8.5
Luderitz,NA,1546823966,0,-26.65,15.16,85,59.82,14.2
College,US,1546822680,0,64.86,-147.8,69,-33.34,2.91
Busselton,AU,1546823908,0,-33.64,115.35,98,68.42,18.57
Punta Arenas,CL,1546822800,40,-53.16,-70.91,95,44.6,9.17
Curillo,CO,1546823967,12,1.03,-75.92,92,69.95,2.13
Ushuaia,AR,1546819200,75,-54.81,-68.31,80,39.2,23.04
Jamestown,AU,1546823908,0,-33.21,138.6,42,74.22,7.49
Ushuaia,AR,1546819200,75,-54.81,-68.31,80,39.2,23.04
Guerrero Negro,MX,1546823916,36,27.97,-114.04,73,61.4,12.86
Busselton,AU,1546823908,0,-33.64,115.35,98,68.42,18.57
Puerto Ayora,EC,1546819200,20,-0.74,-90.35,65,82.4,16.11
Tuktoyaktuk,CA,1546819200,90,69.44,-133.03,83,-4.01,3.36
Conceicao do Araguaia,BR,1546823969,56,-8.26,-49.26,80,79.31,4.36
Shimoda,JP,1546822800,40,34.7,138.93,43,50.0,11.41
Atuona,PF,1546823907,36,-9.8,-139.03,100,79.67,12.86
Phalombe,MW,1546823970,92,-15.81,35.65,100,67.97,3.58
Guerrero Negro,MX,1546823916,36,27.97,-114.04,73,61.4,12.86
Sondershausen,DE,1546822200,40,51.37,10.87,93,39.2,14.99
Port Alfred,ZA,1546823948,0,-33.59,26.89,100,64.95,6.6
Kapaa,US,1546822560,20,22.08,-159.32,57,80.06,8.05
Castro,CL,1546822800,90,-42.48,-73.76,76,51.8,4.7
Chegdomyn,RU,1546823971,0,51.13,133.04,50,-31.4,1.9
Zhigansk,RU,1546823971,56,66.77,123.37,80,-18.48,8.16
Berlevag,NO,1546823972,68,70.86,29.09,99,35.43,20.58
Lebu,ET,1546823905,8,8.96,38.73,71,32.87,2.57
Albany,US,1546822620,1,42.65,-73.75,45,26.96,9.17
Rikitea,PF,1546823743,100,-23.12,-134.97,100,77.6,11.18
Bluff,AU,1546823957,48,-23.58,149.07,53,84.8,13.76
Meulaboh,ID,1546823973,36,4.14,96.13,100,78.18,3.02
Puerto Ayora,EC,1546819200,20,-0.74,-90.35,65,82.4,16.11
Hobart,AU,1546822800,20,-42.88,147.33,42,68.0,11.41
Iqaluit,CA,1546822800,90,63.75,-68.52,57,-11.21,8.05
New Norfolk,AU,1546822800,20,-42.78,147.06,42,68.0,11.41
Rikitea,PF,1546823743,100,-23.12,-134.97,100,77.6,11.18
Daru,SL,1546823974,48,7.99,-10.85,69,73.19,5.93
Port Shepstone,ZA,1546823974,0,-30.74,30.45,91,67.34,5.03
Homer,US,1546822380,1,59.64,-151.54,63,17.96,6.93
Port Elizabeth,US,1546822560,1,39.31,-74.98,48,42.98,4.7
Rawson,AR,1546823975,88,-43.3,-65.11,20,77.15,7.38
Nanortalik,GL,1546823941,80,60.14,-45.24,96,30.48,9.17
Erzin,TR,1546822200,40,36.95,36.2,100,48.2,11.41
Sohag,EG,1546819200,0,26.55,31.7,81,42.8,3.36
Angoche,MZ,1546823976,64,-16.23,39.91,100,82.01,10.4
Tuatapere,NZ,1546823976,24,-46.13,167.69,83,61.35,18.12
Busselton,AU,1546823908,0,-33.64,115.35,98,68.42,18.57
Qaanaaq,GL,1546823946,0,77.48,-69.36,93,-16.28,6.49
Arman,RU,1546823976,36,59.7,150.17,66,-1.61,12.75
Hit,IQ,1546823977,0,33.64,42.83,65,43.49,10.51
Charyshskoye,RU,1546823977,0,51.4,83.56,48,-9.26,2.91
Vaini,IN,1546822800,0,15.34,74.49,71,64.4,4.36
Emmett,US,1546822560,90,43.87,-116.5,52,42.98,9.17
Hobart,AU,1546822800,20,-42.88,147.33,42,68.0,11.41
Vanderhoof,CA,1546823978,92,54.02,-124.02,74,18.83,5.14
Celestun,MX,1546823978,0,20.87,-90.4,96,75.89,17.45
Fortuna,ES,1546821000,0,38.18,-1.13,60,41.0,6.93
Ushuaia,AR,1546819200,75,-54.81,-68.31,80,39.2,23.04
Yellowknife,CA,1546819200,40,62.45,-114.38,83,-5.81,11.41
Albany,US,1546822620,1,42.65,-73.75,45,26.96,9.17
Rikitea,PF,1546823743,100,-23.12,-134.97,100,77.6,11.18
Hilo,US,1546822380,90,19.71,-155.08,57,78.08,6.93
Karratha,AU,1546823979,0,-20.74,116.85,41,88.67,5.14
Saint-Philippe,CA,1546822800,1,45.36,-73.48,56,17.24,14.99
Ushuaia,AR,1546819200,75,-54.81,-68.31,80,39.2,23.04
Rikitea,PF,1546823743,100,-23.12,-134.97,100,77.6,11.18
Severo-Kurilsk,RU,1546823912,44,50.68,156.12,100,25.67,26.96
Faanui,PF,1546823980,68,-16.48,-151.75,100,83.22,11.74
Sao Joao da Barra,BR,1546823981,24,-21.64,-41.05,97,79.58,24.94
Loding,DE,1546822200,75,48.05,12.68,95,35.6,10.29
Clyde River,CA,1546823100,90,70.47,-68.59,83,-9.41,26.4
Atuona,PF,1546823907,36,-9.8,-139.03,100,79.67,12.86
Hithadhoo,MV,1546823935,92,-0.6,73.08,100,77.51,0.89
Sorland,NO,1546823982,80,67.67,12.69,100,42.14,33.67
Rikitea,PF,1546823743,100,-23.12,-134.97,100,77.6,11.18
Bluff,AU,1546823957,48,-23.58,149.07,53,84.8,13.76
Cape Town,ZA,1546822800,0,-33.93,18.42,82,64.4,10.29
Albany,US,1546822620,1,42.65,-73.75,45,26.96,9.17
Rikitea,PF,1546823743,100,-23.12,-134.97,100,77.6,11.18
Botshabelo,ZA,1546822800,0,-29.23,26.73,68,66.2,9.17
Nanortalik,GL,1546823941,80,60.14,-45.24,96,30.48,9.17
Vizinga,RU,1546823983,68,61.08,50.08,73,6.0,8.61
East London,ZA,1546823934,0,-33.02,27.91,100,69.14,7.61
Ulundi,ZA,1546823983,80,-28.29,31.43,95,61.13,2.68
Vila do Maio,CV,1546822800,0,15.13,-23.22,73,69.8,11.41
Rikitea,PF,1546823743,100,-23.12,-134.97,100,77.6,11.18
Lebu,ET,1546823905,8,8.96,38.73,71,32.87,2.57
Busselton,AU,1546823908,0,-33.64,115.35,98,68.42,18.57
Pachmarhi,IN,1546823984,0,22.47,78.44,79,40.61,3.47
Hithadhoo,MV,1546823935,92,-0.6,73.08,100,77.51,0.89
Faanui,PF,1546823980,68,-16.48,-151.75,100,83.22,11.74
Tuktoyaktuk,CA,1546819200,90,69.44,-133.03,83,-4.01,3.36
Albany,US,1546822620,1,42.65,-73.75,45,26.96,9.17
Punta Arenas,CL,1546822800,40,-53.16,-70.91,95,44.6,9.17
Luderitz,NA,1546823966,0,-26.65,15.16,85,59.82,14.2
Padang,ID,1546822800,40,-0.92,100.36,94,78.8,2.24
Atuona,PF,1546823907,36,-9.8,-139.03,100,79.67,12.86
Shimoda,JP,1546822800,40,34.7,138.93,43,50.0,11.41
Vostok,RU,1546823986,0,46.45,135.83,50,-18.08,1.9
Arlit,NE,1546823986,64,18.74,7.39,72,48.71,4.36
Bonavista,CA,1546823923,48,48.65,-53.11,86,38.4,22.15
Lagoa,PT,1546821000,0,37.14,-8.45,70,42.8,3.36
Port Elizabeth,US,1546822560,1,39.31,-74.98,48,42.98,4.7
Guerrero Negro,MX,1546823916,36,27.97,-114.04,73,61.4,12.86
Sao Filipe,CV,1546823945,0,14.9,-24.5,96,73.28,9.51
Babanka,UA,1546823987,80,48.71,30.45,88,18.56,11.18
Avarua,CK,1546822800,75,-21.21,-159.78,69,80.6,11.41
Ambilobe,MG,1546823988,80,-13.19,49.05,100,72.87,1.12
Busselton,AU,1546823908,0,-33.64,115.35,98,68.42,18.57
Bredasdorp,ZA,1546822800,0,-34.53,20.04,82,60.8,4.7
Helong,CN,1546823988,92,25.94,116.13,99,46.95,3.36
Hirara,JP,1546822800,75,24.8,125.28,73,69.8,14.99
Tiksi,RU,1546823958,44,71.64,128.87,68,-23.39,2.46
Cape Town,ZA,1546822800,0,-33.93,18.42,82,64.4,10.29
Busselton,AU,1546823908,0,-33.64,115.35,98,68.42,18.57
Bluff,AU,1546823957,48,-23.58,149.07,53,84.8,13.76
Rikitea,PF,1546823743,100,-23.12,-134.97,100,77.6,11.18
Port Alfred,ZA,1546823948,0,-33.59,26.89,100,64.95,6.6
Puerto Ayora,EC,1546819200,20,-0.74,-90.35,65,82.4,16.11
Hobart,AU,1546822800,20,-42.88,147.33,42,68.0,11.41
Barrow,AR,1546823906,32,-38.31,-60.23,66,68.82,12.19
Saskylakh,RU,1546823911,12,71.97,114.09,0,-38.15,3.02
Bell Ville,AR,1546823990,88,-32.63,-62.69,100,71.25,7.05
Ahipara,NZ,1546823991,0,-35.17,173.16,66,75.71,9.4
Biak,ID,1546823991,20,-0.91,122.88,90,82.28,2.57
Thompson,CA,1546819200,75,55.74,-97.86,84,3.2,4.7
Hobart,AU,1546822800,20,-42.88,147.33,42,68.0,11.41
Ponta do Sol,BR,1546823919,24,-20.63,-46.0,94,64.1,2.35
Baykit,RU,1546823992,68,61.68,96.39,72,-3.32,10.74
Maldonado,UY,1546822800,75,-34.91,-54.96,88,75.2,9.17
Kodiak,US,1546822500,40,39.95,-94.76,66,55.94,18.34
Madisonville,US,1546822560,1,37.33,-87.5,73,55.04,6.93
Torbay,CA,1546821420,90,47.66,-52.73,93,35.6,35.57
Hobart,AU,1546822800,20,-42.88,147.33,42,68.0,11.41
Mataura,NZ,1546823929,48,-46.19,168.86,64,65.85,16.89
Ancud,CL,1546822800,90,-41.87,-73.83,76,51.8,4.7
Fengzhen,CN,1546823993,32,40.43,113.15,53,-2.33,3.36
Rikitea,PF,1546823743,100,-23.12,-134.97,100,77.6,11.18
Ilulissat,GL,1546822200,12,69.22,-51.1,61,17.6,35.57
Hilo,US,1546822380,90,19.71,-155.08,57,78.08,6.93
Nikolskoye,RU,1546822800,90,59.7,30.79,79,24.8,8.95
Sapucaia,BR,1546823994,20,-21.99,-42.91,72,73.82,2.68
Hamilton,BM,1546822500,40,32.3,-64.78,68,68.0,16.11
La Macarena,CO,1546823995,64,2.18,-73.79,45,84.93,1.34
Bud,NO,1546822200,64,62.91,6.91,93,41.0,10.29
Yuncheng,CN,1546823996,92,35.03,111.0,82,18.11,2.46
Hobart,AU,1546822800,20,-42.88,147.33,42,68.0,11.41
Bluff,AU,1546823957,48,-23.58,149.07,53,84.8,13.76
Puerto Ayora,EC,1546819200,20,-0.74,-90.35,65,82.4,16.11
Port Elizabeth,US,1546822560,1,39.31,-74.98,48,42.98,4.7
Pevek,RU,1546823909,0,69.7,170.27,100,-28.97,4.36
Placido de Castro,BR,1546823997,0,-10.34,-67.19,77,81.42,3.36
Pushkino,RU,1546822800,75,56.01,37.85,92,14.0,6.71
Punta Arenas,CL,1546822800,40,-53.16,-70.91,95,44.6,9.17
Minab,IR,1546822800,0,27.15,57.07,68,68.0,2.24
Mayo,CA,1546819200,90,63.59,-135.9,75,-20.21,2.68
Kaitangata,NZ,1546823998,12,-46.28,169.85,65,66.93,17.22
Ambon,FR,1546821000,90,47.55,-2.56,93,44.6,4.7
Tadpatri,IN,1546823999,0,14.92,78.02,85,53.75,2.68
Rikitea,PF,1546823743,100,-23.12,-134.97,100,77.6,11.18
Lebu,ET,1546823905,8,8.96,38.73,71,32.87,2.57
San Prisco,IT,1546822200,0,41.09,14.28,100,48.2,8.05
Knysna,ZA,1546822800,0,-34.04,23.05,93,62.6,1.12
Hamilton,BM,1546822500,40,32.3,-64.78,68,68.0,16.11
Busselton,AU,1546823908,0,-33.64,115.35,98,68.42,18.57
Vilyuysk,RU,1546824000,48,63.75,121.63,54,-4.85,7.61
Katiola,CI,1546824001,36,8.14,-5.1,58,69.05,2.91
Paamiut,GL,1546824001,88,61.99,-49.67,97,32.51,14.65
Mataura,NZ,1546823929,48,-46.19,168.86,64,65.85,16.89
Port Alfred,ZA,1546823948,0,-33.59,26.89,100,64.95,6.6
Stokmarknes,NO,1546824001,92,68.56,14.91,100,38.22,24.49
Hermanus,ZA,1546823915,0,-34.42,19.24,95,53.97,3.91
Ushuaia,AR,1546819200,75,-54.81,-68.31,80,39.2,23.04
Hobart,AU,1546822800,20,-42.88,147.33,42,68.0,11.41
Hithadhoo,MV,1546823935,92,-0.6,73.08,100,77.51,0.89
Kungurtug,RU,1546824002,44,50.6,97.53,48,-20.6,2.91
Verkhnyaya Inta,RU,1546824003,88,65.99,60.32,68,1.64,6.82
Georgetown,GY,1546822800,75,6.8,-58.16,83,80.6,13.87
Castro,CL,1546822800,90,-42.48,-73.76,76,51.8,4.7
Petropavlovka,RU,1546824003,64,50.61,105.32,68,-16.68,2.35
Inhambane,MZ,1546824003,76,-23.87,35.38,100,75.57,11.41
Letlhakane,BW,1546824004,0,-21.42,25.59,79,69.9,12.64
Pingliang,CN,1546824004,76,35.54,106.68,62,16.13,7.16
Saskylakh,RU,1546823911,12,71.97,114.09,0,-38.15,3.02
Gazanjyk,TM,1546824004,32,39.24,55.52,80,36.38,3.58
Lebu,ET,1546823905,8,8.96,38.73,71,32.87,2.57
Geraldton,CA,1546822800,90,49.72,-86.95,77,3.2,5.82
Honningsvag,NO,1546824005,64,70.98,25.97,99,36.65,20.47
Gizo,IL,1546822200,75,31.8,34.94,66,48.2,20.8
Mataura,NZ,1546823929,48,-46.19,168.86,64,65.85,16.89
Vaini,IN,1546822800,0,15.34,74.49,71,64.4,4.36
Mataura,NZ,1546823929,48,-46.19,168.86,64,65.85,16.89
Ushuaia,AR,1546819200,75,-54.81,-68.31,80,39.2,23.04
Haimen,CN,1546824006,48,31.87,121.18,100,40.02,10.51
Longyearbyen,NO,1546822200,75,78.22,15.63,79,19.4,46.08
Chokurdakh,RU,1546823907,8,70.62,147.9,0,-41.48,2.68
Zanjan,IR,1546824007,12,36.67,48.48,76,34.04,16.33
Hilo,US,1546822380,90,19.71,-155.08,57,78.08,6.93
Beruwala,LK,1546824008,48,6.48,79.98,100,78.18,7.38
Nishihara,JP,1546822800,20,35.74,139.53,24,48.2,12.75
Elko,US,1546822560,90,40.83,-115.76,56,35.06,8.05
Adre,TD,1546824008,20,13.47,22.2,23,67.7,15.88
Hilo,US,1546822380,90,19.71,-155.08,57,78.08,6.93
Kadyy,RU,1546824008,56,57.79,43.19,84,9.56,5.93
Jamestown,AU,1546823908,0,-33.21,138.6,42,74.22,7.49
Tadine,NC,1546824009,0,-21.55,167.88,89,79.62,18.45
Bluff,AU,1546823957,48,-23.58,149.07,53,84.8,13.76
Cherskiy,RU,1546823952,8,68.75,161.3,85,-39.68,1.68
Kapaa,US,1546822560,20,22.08,-159.32,57,80.06,8.05
Victoria,BN,1546822800,75,5.28,115.24,79,84.2,4.7
Provideniya,RU,1546823923,12,64.42,-173.23,100,5.6,26.06
Tasiilaq,GL,1546822200,0,65.61,-37.64,52,15.8,4.7
Arraial do Cabo,BR,1546823906,32,-22.97,-42.02,78,80.25,20.02
Trairi,BR,1546823937,80,-3.28,-39.27,100,81.92,14.88
Rikitea,PF,1546823743,100,-23.12,-134.97,100,77.6,11.18
Porto Novo,BR,1546822800,0,-23.68,-45.44,88,73.4,6.93
New Norfolk,AU,1546822800,20,-42.78,147.06,42,68.0,11.41
Aswan,EG,1546819200,0,24.09,32.9,39,48.2,6.93
Khatanga,RU,1546824012,20,71.98,102.47,58,-33.02,6.15
Georgetown,GY,1546822800,75,6.8,-58.16,83,80.6,13.87
Uyuni,BO,1546824013,0,-20.46,-66.82,42,49.92,9.62
Chabahar,IR,1546824013,0,25.29,60.65,100,69.77,3.91
Chernyshevskiy,RU,1546824013,56,63.01,112.47,66,-0.89,8.16
Urengoy,RU,1546824013,76,65.96,78.37,79,1.68,13.53
Puerto Ayora,EC,1546819200,20,-0.74,-90.35,65,82.4,16.11
Busselton,AU,1546823908,0,-33.64,115.35,98,68.42,18.57
Awjilah,LY,1546824014,68,29.14,21.3,46,48.35,11.3
Vaini,IN,1546822800,0,15.34,74.49,71,64.4,4.36
Nantucket,US,1546822560,75,41.28,-70.1,49,37.94,18.34
Portland,US,1546820700,75,45.52,-122.67,82,44.96,5.82
Albany,US,1546822620,1,42.65,-73.75,45,26.96,9.17
Mataura,NZ,1546823929,48,-46.19,168.86,64,65.85,16.89
Mapiri,BO,1546824015,68,-15.31,-68.22,100,57.3,1.68
Grand-Lahou,CI,1546824015,32,5.24,-5.0,76,79.49,5.14
Dhidhdhoo,MV,1546824016,8,6.88,73.1,100,79.98,5.48
Chokurdakh,RU,1546823907,8,70.62,147.9,0,-41.48,2.68
Gornopravdinsk,RU,1546823922,80,60.06,69.92,83,12.89,8.05
Esperance,TT,1546822800,20,10.24,-61.45,83,77.0,5.82
Khatanga,RU,1546824012,20,71.98,102.47,58,-33.02,6.15
Yellowknife,CA,1546819200,40,62.45,-114.38,83,-5.81,11.41
Pisco,PE,1546822800,20,-13.71,-76.2,88,71.6,11.41
Albany,US,1546822620,1,42.65,-73.75,45,26.96,9.17
Mataura,NZ,1546823929,48,-46.19,168.86,64,65.85,16.89
Punta Arenas,CL,1546822800,40,-53.16,-70.91,95,44.6,9.17
Punta Arenas,CL,1546822800,40,-53.16,-70.91,95,44.6,9.17
Tiksi,RU,1546823958,44,71.64,128.87,68,-23.39,2.46
Katsuura,JP,1546822800,40,33.93,134.5,96,44.6,6.93
Dingle,PH,1546823927,0,11.0,122.67,69,76.65,14.76
Atuona,PF,1546823907,36,-9.8,-139.03,100,79.67,12.86
Saint George,GR,1546818600,40,39.45,22.34,85,32.0,3.36
Qaanaaq,GL,1546823946,0,77.48,-69.36,93,-16.28,6.49
Ayr,GB,1546822200,75,55.46,-4.63,100,50.0,11.41
Butaritari,KI,1546823941,20,3.07,172.79,100,83.13,13.76
Busselton,AU,1546823908,0,-33.64,115.35,98,68.42,18.57
Sinnamary,GF,1546824019,92,5.38,-52.96,100,76.38,6.15
Helena,US,1546822380,20,46.59,-112.04,74,32.0,8.16
Grand Gaube,MU,1546822800,75,-20.01,57.66,88,80.6,14.99
Leh,IN,1546824020,56,34.16,77.58,71,-16.28,1.57
Puerto Ayora,EC,1546819200,20,-0.74,-90.35,65,82.4,16.11
Santa Maria,BR,1546824021,68,-29.69,-53.81,78,78.23,8.16
Dingle,PH,1546823927,0,11.0,122.67,69,76.65,14.76
Lavrentiya,RU,1546824021,0,65.58,-170.99,89,4.25,19.13
Atuona,PF,1546823907,36,-9.8,-139.03,100,79.67,12.86
Albany,US,1546822620,1,42.65,-73.75,45,26.96,9.17
Hanmer Springs,NZ,1546824022,0,-42.52,172.83,43,70.31,2.24
Bredasdorp,ZA,1546822800,0,-34.53,20.04,82,60.8,4.7
Vaini,IN,1546822800,0,15.34,74.49,71,64.4,4.36
Mataura,NZ,1546823929,48,-46.19,168.86,64,65.85,16.89
Quatre Cocos,MU,1546822800,75,-20.21,57.76,88,80.6,14.99
Bure,NG,1546824023,12,10.52,10.33,30,63.6,10.4
Kavaratti,IN,1546824023,8,10.57,72.64,100,80.97,8.16
Waitara,NZ,1546824024,92,-39.0,174.24,94,67.83,11.74
Grand Island,US,1546822620,1,40.92,-98.34,85,39.2,9.17
Port Alfred,ZA,1546823948,0,-33.59,26.89,100,64.95,6.6
Airai,TL,1546824024,8,-8.93,125.41,87,76.25,0.34
Tuktoyaktuk,CA,1546819200,90,69.44,-133.03,83,-4.01,3.36
Karratha,AU,1546823979,0,-20.74,116.85,41,88.67,5.14
Hobart,AU,1546822800,20,-42.88,147.33,42,68.0,11.41
Tuktoyaktuk,CA,1546819200,90,69.44,-133.03,83,-4.01,3.36
Ahipara,NZ,1546823991,0,-35.17,173.16,66,75.71,9.4
Puerto Ayora,EC,1546819200,20,-0.74,-90.35,65,82.4,16.11
Busselton,AU,1546823908,0,-33.64,115.35,98,68.42,18.57
Pacocha,EC,1546822800,90,-1.05,-80.87,88,75.2,4.7
Flin Flon,CA,1546819200,90,54.77,-101.88,85,12.2,8.05
Taupo,NZ,1546824026,80,-38.68,176.08,63,73.19,5.93
Cabedelo,BR,1546822800,0,-6.97,-34.84,83,77.0,4.7
Kamaishi,JP,1546822800,75,39.28,141.86,64,33.8,6.93
Kodiak,US,1546822500,40,39.95,-94.76,66,55.94,18.34
Caravelas,BR,1546823929,68,-17.73,-39.27,100,80.52,14.65
Paamiut,GL,1546824001,88,61.99,-49.67,97,32.51,14.65
San Quintin,PH,1546824028,0,17.54,120.52,82,68.96,3.58
Saint-Philippe,CA,1546822800,1,45.36,-73.48,56,17.24,14.99
Provideniya,RU,1546823923,12,64.42,-173.23,100,5.6,26.06
Aklavik,CA,1546822800,90,68.22,-135.01,76,-7.61,3.36
Puerto Ayora,EC,1546819200,20,-0.74,-90.35,65,82.4,16.11
Husavik,CA,1546824029,88,50.56,-96.99,87,21.75,19.13
Stokmarknes,NO,1546824001,92,68.56,14.91,100,38.22,24.49
Ushuaia,AR,1546819200,75,-54.81,-68.31,80,39.2,23.04
Mount Gambier,AU,1546822800,12,-37.83,140.78,53,71.6,6.93
Rikitea,PF,1546823743,100,-23.12,-134.97,100,77.6,11.18
Katiola,CI,1546824001,36,8.14,-5.1,58,69.05,2.91
Port Lincoln,AU,1546824030,92,-34.72,135.86,84,68.33,10.18
Torbay,CA,1546821420,90,47.66,-52.73,93,35.6,35.57
San Cristobal,EC,1546822800,40,-0.39,-78.55,100,53.6,2.24
Atuona,PF,1546823907,36,-9.8,-139.03,100,79.67,12.86
Barrow,AR,1546823906,32,-38.31,-60.23,66,68.82,12.19
Lagoa,PT,1546821000,0,37.14,-8.45,70,42.8,3.36
Porto Velho,BR,1546822800,40,-8.75,-63.87,88,77.0,2.91
Vila Franca do Campo,PT,1546821000,40,37.72,-25.43,93,62.6,19.46
Huarmey,PE,1546824035,12,-10.07,-78.15,79,69.32,3.36
Esperance,TT,1546822800,20,10.24,-61.45,83,77.0,5.82
Georgetown,GY,1546822800,75,6.8,-58.16,83,80.6,13.87
New Norfolk,AU,1546822800,20,-42.78,147.06,42,68.0,11.41
Puerto Ayora,EC,1546819200,20,-0.74,-90.35,65,82.4,16.11
Ushuaia,AR,1546819200,75,-54.81,-68.31,80,39.2,23.04
Hermanus,ZA,1546823915,0,-34.42,19.24,95,53.97,3.91
Belmonte,PT,1546824036,0,40.36,-7.35,52,27.6,7.61
Airai,TL,1546824024,8,-8.93,125.41,87,76.25,0.34
Tartagal,AR,1546824036,8,-22.52,-63.8,61,88.4,5.7
Rikitea,PF,1546823743,100,-23.12,-134.97,100,77.6,11.18
Whitianga,NZ,1546824037,0,-36.83,175.7,86,73.68,8.61
Leh,IN,1546824020,56,34.16,77.58,71,-16.28,1.57
Hobart,AU,1546822800,20,-42.88,147.33,42,68.0,11.41
Yaan,NG,1546824037,0,7.38,8.57,36,71.03,7.94
New Norfolk,AU,1546822800,20,-42.78,147.06,42,68.0,11.41
Rikitea,PF,1546823743,100,-23.12,-134.97,100,77.6,11.18
Pisco,PE,1546822800,20,-13.71,-76.2,88,71.6,11.41
Tabou,CI,1546824038,20,4.42,-7.36,99,83.0,9.84
Chuy,UY,1546823957,80,-33.69,-53.46,69,82.68,19.69
Kapaa,US,1546822560,20,22.08,-159.32,57,80.06,8.05
Tura,IN,1546824038,0,25.52,90.21,82,46.91,3.47
Darab,IR,1546823757,0,28.75,54.55,71,31.07,2.35
Port Shepstone,ZA,1546823974,0,-30.74,30.45,91,67.34,5.03
Vostok,RU,1546823986,0,46.45,135.83,50,-18.08,1.9
Vanimo,PG,1546824039,88,-2.67,141.3,98,83.72,17.67
Butaritari,KI,1546823941,20,3.07,172.79,100,83.13,13.76
Bambous Virieux,MU,1546822800,75,-20.34,57.76,88,80.6,14.99
Avera,US,1546822500,1,33.19,-82.53,78,52.7,3.58
Vaini,IN,1546822800,0,15.34,74.49,71,64.4,4.36
Punta Arenas,CL,1546822800,40,-53.16,-70.91,95,44.6,9.17
Fortuna,ES,1546821000,0,38.18,-1.13,60,41.0,6.93
Dikson,RU,1546823933,44,73.51,80.55,100,-7.28,27.29
Beloha,MG,1546824041,88,-25.17,45.06,88,73.1,3.91
Ostrovnoy,RU,1546824041,92,68.05,39.51,95,32.06,16.89
Te Anau,NZ,1546824041,44,-45.41,167.72,77,57.26,10.07
Busselton,AU,1546823908,0,-33.64,115.35,98,68.42,18.57
Carutapera,BR,1546823809,64,-1.2,-46.02,89,78.5,7.61
Taitung,TW,1546822800,75,22.76,121.15,78,71.6,5.82
Belgrade,RS,1546821000,75,44.82,20.46,85,24.8,10.29
Port Blair,IN,1546824042,56,11.67,92.75,100,82.28,21.92
Ushuaia,AR,1546819200,75,-54.81,-68.31,80,39.2,23.04
Vila Franca do Campo,PT,1546821000,40,37.72,-25.43,93,62.6,19.46
Hirara,JP,1546822800,75,24.8,125.28,73,69.8,14.99
Ukiah,US,1546822560,90,39.15,-123.21,89,46.04,9.17
Blyznyuky,UA,1546824043,92,48.86,36.56,91,22.2,13.76
Castro,CL,1546822800,90,-42.48,-73.76,76,51.8,4.7
Puerto Ayora,EC,1546819200,20,-0.74,-90.35,65,82.4,16.11
Makokou,GA,1546824044,68,0.56,12.85,98,71.7,2.13
Naze,NG,1546824044,24,5.43,7.07,75,76.97,9.4
Punta Arenas,CL,1546822800,40,-53.16,-70.91,95,44.6,9.17
Yellowknife,CA,1546819200,40,62.45,-114.38,83,-5.81,11.41
Souillac,FR,1546821000,90,45.6,-0.6,80,39.2,3.36
Lebu,ET,1546823905,8,8.96,38.73,71,32.87,2.57
Guarapari,BR,1546822800,40,-20.67,-40.5,88,78.8,11.41
Port Macquarie,AU,1546822800,75,-31.43,152.91,94,73.4,3.36
Chuy,UY,1546823957,80,-33.69,-53.46,69,82.68,19.69
Bondo,CD,1546824046,48,3.81,23.69,93,72.78,2.68
Fairbanks,US,1546822680,0,64.84,-147.72,69,-33.34,2.91
Fairbanks,US,1546822680,0,64.84,-147.72,69,-33.34,2.91
Arraial do Cabo,BR,1546823906,32,-22.97,-42.02,78,80.25,20.02
Ambunti,PG,1546824046,48,-4.22,142.82,90,80.21,2.91
Barrow,AR,1546823906,32,-38.31,-60.23,66,68.82,12.19
Saint-Pierre,FR,1546821000,90,48.95,4.24,93,39.2,4.7
Sheikh Dannun,IL,1546824047,92,32.99,35.15,100,45.78,7.16
Inhambane,MZ,1546824003,76,-23.87,35.38,100,75.57,11.41
Mount Isa,AU,1546822800,0,-20.73,139.49,30,95.0,6.93
Port Alfred,ZA,1546823948,0,-33.59,26.89,100,64.95,6.6
Port Alfred,ZA,1546823948,0,-33.59,26.89,100,64.95,6.6
Kholodnyy,RU,1546824048,8,62.72,147.95,0,-48.86,2.46
Esperance,TT,1546822800,20,10.24,-61.45,83,77.0,5.82
Port Alfred,ZA,1546823948,0,-33.59,26.89,100,64.95,6.6
Port Alfred,ZA,1546823948,0,-33.59,26.89,100,64.95,6.6
Cape Town,ZA,1546822800,0,-33.93,18.42,82,64.4,10.29
Ushuaia,AR,1546819200,75,-54.81,-68.31,80,39.2,23.04
Henties Bay,NA,1546824049,68,-22.12,14.28,100,61.49,4.7
Speightstown,BB,1546822800,40,13.25,-59.65,78,78.8,16.11
Saint-Philippe,CA,1546822800,1,45.36,-73.48,56,17.24,14.99
Santa Luzia,BR,1546822800,0,-19.77,-43.85,60,75.2,8.05
Castro,CL,1546822800,90,-42.48,-73.76,76,51.8,4.7
Bluff,AU,1546823957,48,-23.58,149.07,53,84.8,13.76
Punta Arenas,CL,1546822800,40,-53.16,-70.91,95,44.6,9.17
Saint-Augustin,FR,1546821000,90,44.83,-0.61,94,37.4,4.7
Vaini,IN,1546822800,0,15.34,74.49,71,64.4,4.36
Shelburne,CA,1546822800,1,44.08,-80.2,67,24.8,8.61
Castro,CL,1546822800,90,-42.48,-73.76,76,51.8,4.7
Busselton,AU,1546823908,0,-33.64,115.35,98,68.42,18.57
Saint-Philippe,CA,1546822800,1,45.36,-73.48,56,17.24,14.99
Avarua,CK,1546822800,75,-21.21,-159.78,69,80.6,11.41
Bethel,US,1546822560,90,60.79,-161.76,91,10.94,9.17
Impfondo,CD,1546824052,32,1.62,18.06,90,73.55,3.58
Punta Arenas,CL,1546822800,40,-53.16,-70.91,95,44.6,9.17
Nikolskoye,RU,1546822800,90,59.7,30.79,79,24.8,8.95
Rikitea,PF,1546823743,100,-23.12,-134.97,100,77.6,11.18
Coihaique,CL,1546822800,90,-45.58,-72.07,61,48.2,4.7
Portland,US,1546820700,75,45.52,-122.67,82,44.96,5.82
Mataura,NZ,1546823929,48,-46.19,168.86,64,65.85,16.89
Sambava,MG,1546824053,92,-14.27,50.17,100,77.78,6.15
Hilo,US,1546822380,90,19.71,-155.08,57,78.08,6.93
Luganville,VU,1546824053,76,-15.51,167.18,96,82.73,12.75
Ushuaia,AR,1546819200,75,-54.81,-68.31,80,39.2,23.04
Rikitea,PF,1546823743,100,-23.12,-134.97,100,77.6,11.18
Chengzihe,CN,1546824054,0,45.35,131.0,58,-6.83,3.8
Faanui,PF,1546823980,68,-16.48,-151.75,100,83.22,11.74
Mataura,NZ,1546823929,48,-46.19,168.86,64,65.85,16.89
Qaanaaq,GL,1546823946,0,77.48,-69.36,93,-16.28,6.49
Hermanus,ZA,1546823915,0,-34.42,19.24,95,53.97,3.91
Hobart,AU,1546822800,20,-42.88,147.33,42,68.0,11.41
Vaini,IN,1546822800,0,15.34,74.49,71,64.4,4.36
Ixcatepec,MX,1546824055,88,21.24,-98.0,74,72.29,7.72
Rexburg,US,1546822560,1,43.82,-111.79,74,30.02,17.22
Hermanus,ZA,1546823915,0,-34.42,19.24,95,53.97,3.91
Puerto Ayora,EC,1546819200,20,-0.74,-90.35,65,82.4,16.11
Alofi,NU,1546819200,92,-19.06,-169.92,94,80.6,11.41
Straumen,NO,1546822200,90,63.87,11.3,96,39.2,17.22
Lebu,ET,1546823905,8,8.96,38.73,71,32.87,2.57
Thompson,CA,1546819200,75,55.74,-97.86,84,3.2,4.7
Geraldton,CA,1546822800,90,49.72,-86.95,77,3.2,5.82
Upernavik,GL,1546823905,0,72.79,-56.15,100,3.12,9.17
Ushuaia,AR,1546819200,75,-54.81,-68.31,80,39.2,23.04
Vaini,IN,1546822800,0,15.34,74.49,71,64.4,4.36
Ribeira Grande,PT,1546823938,92,38.52,-28.7,98,63.6,27.07
Cayenne,GF,1546822800,75,4.94,-52.33,88,78.8,10.29
Ponta do Sol,BR,1546823919,24,-20.63,-46.0,94,64.1,2.35
Rikitea,PF,1546823743,100,-23.12,-134.97,100,77.6,11.18
Mount Gambier,AU,1546822800,12,-37.83,140.78,53,71.6,6.93
Ushuaia,AR,1546819200,75,-54.81,-68.31,80,39.2,23.04
Albany,US,1546822620,1,42.65,-73.75,45,26.96,9.17
Harper,US,1546822500,1,30.3,-99.24,75,68.0,8.05
Saint-Augustin,FR,1546821000,90,44.83,-0.61,94,37.4,4.7
Bredasdorp,ZA,1546822800,0,-34.53,20.04,82,60.8,4.7
Otjimbingwe,NA,1546824060,0,-22.35,16.13,70,67.65,2.91
Yellowknife,CA,1546819200,40,62.45,-114.38,83,-5.81,11.41
Hithadhoo,MV,1546823935,92,-0.6,73.08,100,77.51,0.89
Sao Felix do Xingu,BR,1546824060,48,-6.64,-51.99,93,76.2,2.68
Kapaa,US,1546822560,20,22.08,-159.32,57,80.06,8.05
Hobart,AU,1546822800,20,-42.88,147.33,42,68.0,11.41
Albany,US,1546822620,1,42.65,-73.75,45,26.96,9.17
Fortuna,ES,1546821000,0,38.18,-1.13,60,41.0,6.93
Miles City,US,1546822380,75,46.41,-105.84,73,39.92,4.7
Saint-Philippe,CA,1546822800,1,45.36,-73.48,56,17.24,14.99
Raymond Terrace,AU,1546822800,75,-32.76,151.75,73,77.0,10.29
Groa,FR,1546821000,90,48.67,-4.14,87,46.4,3.36
Erzin,TR,1546822200,40,36.95,36.2,100,48.2,11.41
Gisenyi,CD,1546824062,12,-1.69,29.26,100,56.36,3.69
Cape Town,ZA,1546822800,0,-33.93,18.42,82,64.4,10.29
Hilo,US,1546822380,90,19.71,-155.08,57,78.08,6.93
Fortuna,ES,1546821000,0,38.18,-1.13,60,41.0,6.93
Ushuaia,AR,1546819200,75,-54.81,-68.31,80,39.2,23.04
Ponta do Sol,BR,1546823919,24,-20.63,-46.0,94,64.1,2.35
Jamestown,AU,1546823908,0,-33.21,138.6,42,74.22,7.49
Bluff,AU,1546823957,48,-23.58,149.07,53,84.8,13.76
Margate,AU,1546822800,20,-43.03,147.26,42,68.0,11.41
Sungairaya,ID,1546824063,36,0.7,108.9,98,75.75,3.8
Nikolskoye,RU,1546822800,90,59.7,30.79,79,24.8,8.95
Cape Town,ZA,1546822800,0,-33.93,18.42,82,64.4,10.29
Kodiak,US,1546822500,40,39.95,-94.76,66,55.94,18.34
Provideniya,RU,1546823923,12,64.42,-173.23,100,5.6,26.06
Monte San Pietro,IT,1546822200,0,44.44,11.14,69,33.8,4.7
Harper,US,1546822500,1,30.3,-99.24,75,68.0,8.05
Saldanha,PT,1546823906,0,41.42,-6.55,72,19.77,2.68
Limoges,FR,1546821000,90,45.84,1.26,80,33.8,8.05
Puerto Ayora,EC,1546819200,20,-0.74,-90.35,65,82.4,16.11
Punta Arenas,CL,1546822800,40,-53.16,-70.91,95,44.6,9.17
Sosva,RU,1546824065,56,59.17,61.86,80,16.85,6.15
Port Alfred,ZA,1546823948,0,-33.59,26.89,100,64.95,6.6
Hamilton,BM,1546822500,40,32.3,-64.78,68,68.0,16.11
Ushuaia,AR,1546819200,75,-54.81,-68.31,80,39.2,23.04
Saldanha,PT,1546823906,0,41.42,-6.55,72,19.77,2.68
Albany,US,1546822620,1,42.65,-73.75,45,26.96,9.17
East London,ZA,1546823934,0,-33.02,27.91,100,69.14,7.61
Busselton,AU,1546823908,0,-33.64,115.35,98,68.42,18.57
Atuona,PF,1546823907,36,-9.8,-139.03,100,79.67,12.86
Palmer,AU,1546822800,0,-34.85,139.16,53,71.6,8.05
Tete,MZ,1546819200,75,-16.16,33.59,100,75.2,2.24
Avarua,CK,1546822800,75,-21.21,-159.78,69,80.6,11.41
Mahebourg,MU,1546822800,75,-20.41,57.7,88,80.6,14.99
Tasiilaq,GL,1546822200,0,65.61,-37.64,52,15.8,4.7
Pochutla,MX,1546821720,20,15.74,-96.47,69,82.4,6.93
Airai,TL,1546824024,8,-8.93,125.41,87,76.25,0.34
Hermanus,ZA,1546823915,0,-34.42,19.24,95,53.97,3.91
Port Alfred,ZA,1546823948,0,-33.59,26.89,100,64.95,6.6
Xanlar,AZ,1546822800,75,40.56,46.33,93,35.6,4.7
Vaini,IN,1546822800,0,15.34,74.49,71,64.4,4.36
Rikitea,PF,1546823743,100,-23.12,-134.97,100,77.6,11.18
Tuktoyaktuk,CA,1546819200,90,69.44,-133.03,83,-4.01,3.36
Kaiyuan,CN,1546824069,0,42.54,124.04,52,-3.86,5.93
Comodoro Rivadavia,AR,1546822800,0,-45.87,-67.48,23,62.6,19.46
Anadyr,RU,1546822800,20,64.73,177.51,65,8.6,42.5
Punta Arenas,CL,1546822800,40,-53.16,-70.91,95,44.6,9.17
Atuona,PF,1546823907,36,-9.8,-139.03,100,79.67,12.86
Walvis Bay,NA,1546822800,0,-22.95,14.51,77,62.6,3.36
Vila Franca do Campo,PT,1546821000,40,37.72,-25.43,93,62.6,19.46
Airai,TL,1546824024,8,-8.93,125.41,87,76.25,0.34
Kyren,RU,1546824071,0,51.68,102.13,44,-30.9,2.01
Rikitea,PF,1546823743,100,-23.12,-134.97,100,77.6,11.18
Brae,GB,1546822200,80,60.4,-1.35,86,42.8,9.17
Henties Bay,NA,1546824049,68,-22.12,14.28,100,61.49,4.7
Mataura,NZ,1546823929,48,-46.19,168.86,64,65.85,16.89
Maniitsoq,GL,1546823874,80,65.42,-52.9,100,24.77,17.78
Puerto Escondido,MX,1546821660,20,15.86,-97.07,69,82.4,4.92
Mataura,NZ,1546823929,48,-46.19,168.86,64,65.85,16.89
Saint-Philippe,CA,1546822800,1,45.36,-73.48,56,17.24,14.99
Souillac,FR,1546821000,90,45.6,-0.6,80,39.2,3.36
Rikitea,PF,1546823743,100,-23.12,-134.97,100,77.6,11.18
Mackenzie,CA,1546822020,90,55.34,-123.09,78,10.4,2.24
Kapaa,US,1546822560,20,22.08,-159.32,57,80.06,8.05
Vaini,IN,1546822800,0,15.34,74.49,71,64.4,4.36
Port Alfred,ZA,1546823948,0,-33.59,26.89,100,64.95,6.6
Atuona,PF,1546823907,36,-9.8,-139.03,100,79.67,12.86
Tahe,CN,1546824074,20,52.34,124.71,59,-13.58,4.03
East London,ZA,1546823934,0,-33.02,27.91,100,69.14,7.61
Vuktyl,RU,1546824074,76,63.86,57.31,80,-5.03,5.37
Tomigusuku,JP,1546822800,75,26.18,127.67,52,66.2,9.17
Chokurdakh,RU,1546823907,8,70.62,147.9,0,-41.48,2.68
Ushuaia,AR,1546819200,75,-54.81,-68.31,80,39.2,23.04
Udachnyy,RU,1546824075,36,66.42,112.4,73,-11.87,3.36
Bambous Virieux,MU,1546822800,75,-20.34,57.76,88,80.6,14.99
Ancud,CL,1546822800,90,-41.87,-73.83,76,51.8,4.7
Hobart,AU,1546822800,20,-42.88,147.33,42,68.0,11.41
Broken Hill,AU,1546822800,0,-31.97,141.45,18,82.4,13.87
Hermanus,ZA,1546823915,0,-34.42,19.24,95,53.97,3.91
Zhigansk,RU,1546823971,56,66.77,123.37,80,-18.48,8.16
Longyearbyen,NO,1546822200,75,78.22,15.63,79,19.4,46.08
Port Alfred,ZA,1546823948,0,-33.59,26.89,100,64.95,6.6
Ginir,ET,1546824077,0,7.14,40.71,47,53.48,3.58
Cidreira,BR,1546824077,92,-30.17,-50.22,80,77.69,16.33
Pangoa,PE,1546824077,32,-12.12,-73.0,89,72.47,1.79
Samarai,PG,1546824078,32,-10.62,150.67,100,82.01,16.67
Nouadhibou,MR,1546822800,12,20.93,-17.03,39,64.4,13.87
Khatanga,RU,1546824012,20,71.98,102.47,58,-33.02,6.15
Mataura,NZ,1546823929,48,-46.19,168.86,64,65.85,16.89
Mahebourg,MU,1546822800,75,-20.41,57.7,88,80.6,14.99
Bredasdorp,ZA,1546822800,0,-34.53,20.04,82,60.8,4.7
Sattahip,TH,1546822800,20,12.67,100.9,78,77.0,4.7
Turayf,SA,1546819200,32,31.68,38.65,69,39.2,13.87
Tilichiki,RU,1546824079,76,60.47,166.1,85,26.93,13.98
Jamestown,AU,1546823908,0,-33.21,138.6,42,74.22,7.49
Ribeira Grande,PT,1546823938,92,38.52,-28.7,98,63.6,27.07
Jamestown,AU,1546823908,0,-33.21,138.6,42,74.22,7.49
Hermanus,ZA,1546823915,0,-34.42,19.24,95,53.97,3.91
Barrow,AR,1546823906,32,-38.31,-60.23,66,68.82,12.19
Faanui,PF,1546823980,68,-16.48,-151.75,100,83.22,11.74
Bluff,AU,1546823957,48,-23.58,149.07,53,84.8,13.76
Kapaa,US,1546822560,20,22.08,-159.32,57,80.06,8.05
Ushuaia,AR,1546819200,75,-54.81,-68.31,80,39.2,23.04
Albany,US,1546822620,1,42.65,-73.75,45,26.96,9.17
New Norfolk,AU,1546822800,20,-42.78,147.06,42,68.0,11.41
Ponta do Sol,BR,1546823919,24,-20.63,-46.0,94,64.1,2.35
Chuy,UY,1546823957,80,-33.69,-53.46,69,82.68,19.69
San Patricio,PY,1546824081,64,-26.98,-56.83,80,81.74,6.71
Ust-Kuyga,RU,1546824082,0,70.0,135.55,0,-47.42,3.02
Henties Bay,NA,1546824049,68,-22.12,14.28,100,61.49,4.7
Lagoa,PT,1546821000,0,37.14,-8.45,70,42.8,3.36
Satao,PT,1546824082,0,40.74,-7.73,65,22.16,3.58
Ushuaia,AR,1546819200,75,-54.81,-68.31,80,39.2,23.04
Kaoma,ZM,1546824083,76,-14.8,24.8,100,67.07,4.03
Sabha,LY,1546824083,0,27.03,14.43,69,28.5,4.14
Mrakovo,RU,1546824083,64,52.72,56.62,89,12.35,2.68
Nanortalik,GL,1546823941,80,60.14,-45.24,96,30.48,9.17
Rio Gallegos,AR,1546822800,40,-51.62,-69.22,27,50.0,14.99
Rikitea,PF,1546823743,100,-23.12,-134.97,100,77.6,11.18
Kodiak,US,1546822500,40,39.95,-94.76,66,55.94,18.34
Boende,CD,1546824085,92,-0.28,20.88,100,69.14,2.68
Ushuaia,AR,1546819200,75,-54.81,-68.31,80,39.2,23.04
Mar del Plata,AR,1546824085,92,-46.43,-67.52,38,63.6,22.15
Nome,US,1546822500,1,30.04,-94.42,89,61.7,9.17
Bredasdorp,ZA,1546822800,0,-34.53,20.04,82,60.8,4.7
Labuhan,ID,1546824086,0,-2.54,115.51,81,80.03,2.57
Bredasdorp,ZA,1546822800,0,-34.53,20.04,82,60.8,4.7
Meulaboh,ID,1546823973,36,4.14,96.13,100,78.18,3.02
Nador,MA,1546822800,0,35.17,-2.93,100,44.6,3.36
Kapaa,US,1546822560,20,22.08,-159.32,57,80.06,8.05
Bluff,AU,1546823957,48,-23.58,149.07,53,84.8,13.76
Leningradskiy,RU,1546824087,0,69.38,178.42,95,-15.74,7.38
Pearl Lagoon,NI,1546824087,92,12.34,-83.67,100,74.85,11.63
Shache,CN,1546824088,80,38.42,77.24,87,16.4,3.13
Albany,US,1546822620,1,42.65,-73.75,45,26.96,9.17
Clyde River,CA,1546823100,90,70.47,-68.59,83,-9.41,26.4
Castro,CL,1546822800,90,-42.48,-73.76,76,51.8,4.7
Souillac,FR,1546821000,90,45.6,-0.6,80,39.2,3.36
Anadyr,RU,1546822800,20,64.73,177.51,65,8.6,42.5
Gambiran,ID,1546824089,24,-7.93,111.77,96,74.18,2.8
Nikolskoye,RU,1546822800,90,59.7,30.79,79,24.8,8.95
Northam,GB,1546818600,92,51.04,-4.21,93,46.4,4.7
Codrington,AU,1546822800,75,-28.95,153.24,61,84.2,12.75
Northam,GB,1546818600,92,51.04,-4.21,93,46.4,4.7
Kaitangata,NZ,1546823998,12,-46.28,169.85,65,66.93,17.22
Hilo,US,1546822380,90,19.71,-155.08,57,78.08,6.93
Tiksi,RU,1546823958,44,71.64,128.87,68,-23.39,2.46
Casablanca,MA,1546822800,20,33.6,-7.62,93,42.8,3.36
Pechenga,RU,1546824091,68,58.89,41.46,83,9.6,9.62
Dikson,RU,1546823933,44,73.51,80.55,100,-7.28,27.29
Kruisfontein,ZA,1546823910,8,-34.0,24.73,88,62.12,8.5
Albany,US,1546822620,1,42.65,-73.75,45,26.96,9.17
Alugan,PH,1546824091,76,12.22,125.48,93,78.41,13.98
Labuhan,ID,1546824086,0,-2.54,115.51,81,80.03,2.57
Gambiran,ID,1546824089,24,-7.93,111.77,96,74.18,2.8
New Norfolk,AU,1546822800,20,-42.78,147.06,42,68.0,11.41
Kodiak,US,1546822500,40,39.95,-94.76,66,55.94,18.34
Hermanus,ZA,1546823915,0,-34.42,19.24,95,53.97,3.91
Talcahuano,CL,1546822800,40,-36.72,-73.12,87,57.2,4.7
Yashkul,RU,1546824092,92,46.17,45.34,84,25.67,14.76
Cape Town,ZA,1546822800,0,-33.93,18.42,82,64.4,10.29
Isabela,PH,1546824093,0,10.2,122.99,79,75.17,5.37
Rockport,US,1546822560,1,28.02,-97.05,93,68.0,12.75
Ilulissat,GL,1546822200,12,69.22,-51.1,61,17.6,35.57
Butaritari,KI,1546823941,20,3.07,172.79,100,83.13,13.76
Kaiyuan,CN,1546824069,0,42.54,124.04,52,-3.86,5.93
Vila Velha,BR,1546822800,0,-3.71,-38.6,74,82.4,8.05
Hobart,AU,1546822800,20,-42.88,147.33,42,68.0,11.41
Barrow,AR,1546823906,32,-38.31,-60.23,66,68.82,12.19
Punta Arenas,CL,1546822800,40,-53.16,-70.91,95,44.6,9.17
Ahipara,NZ,1546823991,0,-35.17,173.16,66,75.71,9.4
Sault Sainte Marie,CA,1546822800,90,46.49,-84.36,61,19.04,6.93
Codrington,AU,1546822800,75,-28.95,153.24,61,84.2,12.75
Cabo San Lucas,MX,1546822860,90,22.89,-109.91,94,71.6,11.18
Yellowknife,CA,1546819200,40,62.45,-114.38,83,-5.81,11.41
Luderitz,NA,1546823966,0,-26.65,15.16,85,59.82,14.2
Miraflores,CO,1546824096,48,5.2,-73.14,93,54.78,2.13
Ushuaia,AR,1546819200,75,-54.81,-68.31,80,39.2,23.04
Busselton,AU,1546823908,0,-33.64,115.35,98,68.42,18.57
Busselton,AU,1546823908,0,-33.64,115.35,98,68.42,18.57
Port Macquarie,AU,1546822800,75,-31.43,152.91,94,73.4,3.36
Nouna,BF,1546824097,56,12.73,-3.87,33,65.54,7.83
Lebu,ET,1546823905,8,8.96,38.73,71,32.87,2.57
Hasaki,JP,1546822800,20,35.73,140.83,41,42.8,11.41
Kapuskasing,CA,1546819200,20,49.42,-82.43,83,-5.81,3.36
Chuy,UY,1546823957,80,-33.69,-53.46,69,82.68,19.69
Upernavik,GL,1546823905,0,72.79,-56.15,100,3.12,9.17
Russell,AR,1546824098,76,-33.01,-68.8,64,64.73,3.02
Tezu,IN,1546824099,0,27.93,96.16,47,49.2,2.13
Hermanus,ZA,1546823915,0,-34.42,19.24,95,53.97,3.91
Chuy,UY,1546823957,80,-33.69,-53.46,69,82.68,19.69
Rikitea,PF,1546823743,100,-23.12,-134.97,100,77.6,11.18
Ushuaia,AR,1546819200,75,-54.81,-68.31,80,39.2,23.04
Hilo,US,1546822380,90,19.71,-155.08,57,78.08,6.93
Kapaa,US,1546822560,20,22.08,-159.32,57,80.06,8.05
Mildura,AU,1546822800,0,-34.18,142.16,30,82.4,9.17
Pirovskoye,RU,1546824100,88,57.63,92.27,77,9.15,8.16
Cape Town,ZA,1546822800,0,-33.93,18.42,82,64.4,10.29
Tura,IN,1546824038,0,25.52,90.21,82,46.91,3.47
Ninohe,JP,1546824101,8,40.27,141.31,62,28.91,9.62
Kaeo,NZ,1546824101,0,-35.1,173.78,45,83.9,1.68
Bethel,US,1546822560,90,60.79,-161.76,91,10.94,9.17
Hithadhoo,MV,1546823935,92,-0.6,73.08,100,77.51,0.89
Hobart,AU,1546822800,20,-42.88,147.33,42,68.0,11.41
Airai,TL,1546824024,8,-8.93,125.41,87,76.25,0.34
Diamantina,BR,1546824102,12,-18.24,-43.6,75,68.69,3.24
Mahebourg,MU,1546822800,75,-20.41,57.7,88,80.6,14.99
Hilo,US,1546822380,90,19.71,-155.08,57,78.08,6.93
Ushuaia,AR,1546819200,75,-54.81,-68.31,80,39.2,23.04
Vao,EE,1546824102,76,59.1,26.19,92,20.36,10.29
Esperance,TT,1546822800,20,10.24,-61.45,83,77.0,5.82
Mahebourg,MU,1546822800,75,-20.41,57.7,88,80.6,14.99
Albany,US,1546822620,1,42.65,-73.75,45,26.96,9.17
Buin,CL,1546822800,75,-33.73,-70.74,56,68.0,12.75
Bosaso,SO,1546824103,0,11.28,49.18,100,74.72,7.72
Mataura,NZ,1546823929,48,-46.19,168.86,64,65.85,16.89
Raton,US,1546822440,1,36.9,-104.44,59,48.02,18.34
Cidreira,BR,1546824077,92,-30.17,-50.22,80,77.69,16.33
Harper,US,1546822500,1,30.3,-99.24,75,68.0,8.05
Mar del Plata,AR,1546824085,92,-46.43,-67.52,38,63.6,22.15
Arraial do Cabo,BR,1546823906,32,-22.97,-42.02,78,80.25,20.02
Puerto Ayora,EC,1546819200,20,-0.74,-90.35,65,82.4,16.11
Longyearbyen,NO,1546822200,75,78.22,15.63,79,19.4,46.08
Torbay,CA,1546821420,90,47.66,-52.73,93,35.6,35.57
Ancud,CL,1546822800,90,-41.87,-73.83,76,51.8,4.7
Cape Town,ZA,1546822800,0,-33.93,18.42,82,64.4,10.29
Christchurch,NZ,1546822800,12,-43.53,172.64,56,68.0,17.22
Atuona,PF,1546823907,36,-9.8,-139.03,100,79.67,12.86
Tasiilaq,GL,1546822200,0,65.61,-37.64,52,15.8,4.7
Saint-Philippe,CA,1546822800,1,45.36,-73.48,56,17.24,14.99
Port Elizabeth,US,1546822560,1,39.31,-74.98,48,42.98,4.7
Qaanaaq,GL,1546823946,0,77.48,-69.36,93,-16.28,6.49
Atuona,PF,1546823907,36,-9.8,-139.03,100,79.67,12.86
Georgetown,GY,1546822800,75,6.8,-58.16,83,80.6,13.87
Kapaa,US,1546822560,20,22.08,-159.32,57,80.06,8.05
Thompson,CA,1546819200,75,55.74,-97.86,84,3.2,4.7
Mataura,NZ,1546823929,48,-46.19,168.86,64,65.85,16.89
New Norfolk,AU,1546822800,20,-42.78,147.06,42,68.0,11.41
Jamestown,AU,1546823908,0,-33.21,138.6,42,74.22,7.49
Tiksi,RU,1546823958,44,71.64,128.87,68,-23.39,2.46
Lahaina,US,1546822560,20,20.87,-156.68,51,82.04,8.05
Abonnema,NG,1546824108,24,4.71,6.79,75,78.0,6.04
Avarua,CK,1546822800,75,-21.21,-159.78,69,80.6,11.41
Hauterive,FR,1546821000,90,46.09,3.45,80,35.6,2.24
Narsaq,GL,1546824109,80,60.91,-46.05,92,17.52,2.13
Ushuaia,AR,1546819200,75,-54.81,-68.31,80,39.2,23.04
Katsuura,JP,1546822800,40,33.93,134.5,96,44.6,6.93
Hamilton,BM,1546822500,40,32.3,-64.78,68,68.0,16.11
Semporna,MY,1546822800,75,4.48,118.61,88,80.6,2.24
College,US,1546822680,0,64.86,-147.8,69,-33.34,2.91
Rio Grande,BR,1546823871,92,-32.03,-52.1,78,80.21,19.69
Klaksvik,FO,1546822200,92,62.23,-6.59,80,41.0,17.22
Albany,US,1546822620,1,42.65,-73.75,45,26.96,9.17
Rikitea,PF,1546823743,100,-23.12,-134.97,100,77.6,11.18
San Cristobal,EC,1546822800,40,-0.39,-78.55,100,53.6,2.24
Ushuaia,AR,1546819200,75,-54.81,-68.31,80,39.2,23.04
Punta Arenas,CL,1546822800,40,-53.16,-70.91,95,44.6,9.17
Rikitea,PF,1546823743,100,-23.12,-134.97,100,77.6,11.18
Bluff,AU,1546823957,48,-23.58,149.07,53,84.8,13.76
Tiksi,RU,1546823958,44,71.64,128.87,68,-23.39,2.46
Busselton,AU,1546823908,0,-33.64,115.35,98,68.42,18.57
Punta Arenas,CL,1546822800,40,-53.16,-70.91,95,44.6,9.17
Kovdor,RU,1546824112,92,67.56,30.47,100,32.1,7.05
Maniitsoq,GL,1546823874,80,65.42,-52.9,100,24.77,17.78
Edd,ER,1546824113,8,13.93,41.69,59,53.52,2.57
Hithadhoo,MV,1546823935,92,-0.6,73.08,100,77.51,0.89
Albany,US,1546822620,1,42.65,-73.75,45,26.96,9.17
Bluff,AU,1546823957,48,-23.58,149.07,53,84.8,13.76
Punta Arenas,CL,1546822800,40,-53.16,-70.91,95,44.6,9.17
Pevek,RU,1546823909,0,69.7,170.27,100,-28.97,4.36
Albany,US,1546822620,1,42.65,-73.75,45,26.96,9.17
Palatka,US,1546823700,40,29.65,-81.64,93,59.0,4.7
Ushuaia,AR,1546819200,75,-54.81,-68.31,80,39.2,23.04
Tabas,IR,1546822800,44,33.6,56.92,31,46.4,2.24
Tadine,NC,1546824009,0,-21.55,167.88,89,79.62,18.45
Mataura,NZ,1546823929,48,-46.19,168.86,64,65.85,16.89
Shimoda,JP,1546822800,40,34.7,138.93,43,50.0,11.41
Rikitea,PF,1546823743,100,-23.12,-134.97,100,77.6,11.18
Cayenne,GF,1546822800,75,4.94,-52.33,88,78.8,10.29
Punta Arenas,CL,1546822800,40,-53.16,-70.91,95,44.6,9.17
Alliston,CA,1546822800,1,44.15,-79.87,67,26.6,9.06
Rikitea,PF,1546823743,100,-23.12,-134.97,100,77.6,11.18
Fengcheng,CN,1546824116,0,40.45,124.07,63,0.74,2.57
Kapaa,US,1546822560,20,22.08,-159.32,57,80.06,8.05
Dikson,RU,1546823933,44,73.51,80.55,100,-7.28,27.29
Killybegs,IE,1546824117,92,54.63,-8.45,95,51.41,17.11
Merke,KZ,1546824117,0,42.87,73.19,39,-9.48,2.57
Atuona,PF,1546823907,36,-9.8,-139.03,100,79.67,12.86
Port Alfred,ZA,1546823948,0,-33.59,26.89,100,64.95,6.6
Morro Bay,US,1546822560,90,35.37,-120.85,74,57.92,11.41
Gamba,CN,1546824118,12,28.28,88.52,39,-16.19,4.36
Puerto Ayora,EC,1546819200,20,-0.74,-90.35,65,82.4,16.11
Paducah,US,1546822500,1,37.08,-88.6,59,56.48,6.93
Kapaa,US,1546822560,20,22.08,-159.32,57,80.06,8.05
Souillac,FR,1546821000,90,45.6,-0.6,80,39.2,3.36
Kamyshevatskaya,RU,1546824119,92,46.41,37.96,97,32.42,20.92
Thompson,CA,1546819200,75,55.74,-97.86,84,3.2,4.7
Vagur,FO,1546824120,92,61.47,-6.81,100,44.57,21.47
Albany,US,1546822620,1,42.65,-73.75,45,26.96,9.17
Rikitea,PF,1546823743,100,-23.12,-134.97,100,77.6,11.18
Tilichiki,RU,1546824079,76,60.47,166.1,85,26.93,13.98
Hermanus,ZA,1546823915,0,-34.42,19.24,95,53.97,3.91
Tooele,US,1546822560,90,40.53,-112.3,97,35.06,10.29
Ostrovnoy,RU,1546824041,92,68.05,39.51,95,32.06,16.89
Upernavik,GL,1546823905,0,72.79,-56.15,100,3.12,9.17
Yellowknife,CA,1546819200,40,62.45,-114.38,83,-5.81,11.41
East London,ZA,1546823934,0,-33.02,27.91,100,69.14,7.61
Hilo,US,1546822380,90,19.71,-155.08,57,78.08,6.93
Kharovsk,RU,1546824122,76,59.95,40.21,85,12.35,9.62
Hithadhoo,MV,1546823935,92,-0.6,73.08,100,77.51,0.89
Tiksi,RU,1546823958,44,71.64,128.87,68,-23.39,2.46
Krasnyy,RU,1546824122,56,53.81,40.7,88,13.43,4.92
Green Bay,US,1546823700,90,44.51,-88.01,72,32.0,8.05
Punta Arenas,CL,1546822800,40,-53.16,-70.91,95,44.6,9.17
Saskylakh,RU,1546823911,12,71.97,114.09,0,-38.15,3.02
Hermanus,ZA,1546823915,0,-34.42,19.24,95,53.97,3.91
Prince Rupert,CA,1546819200,90,54.32,-130.32,100,32.0,5.82
Mataura,NZ,1546823929,48,-46.19,168.86,64,65.85,16.89
Hermanus,ZA,1546823915,0,-34.42,19.24,95,53.97,3.91
Hobart,AU,1546822800,20,-42.88,147.33,42,68.0,11.41
Punta Arenas,CL,1546822800,40,-53.16,-70.91,95,44.6,9.17
Salinopolis,BR,1546824124,56,-0.61,-47.36,100,80.03,11.52
Dikson,RU,1546823933,44,73.51,80.55,100,-7.28,27.29
Los Llanos de Aridane,ES,1546822800,80,28.66,-17.92,59,64.4,9.17
Albany,US,1546822620,1,42.65,-73.75,45,26.96,9.17
Haimen,CN,1546824006,48,31.87,121.18,100,40.02,10.51
Rikitea,PF,1546823743,100,-23.12,-134.97,100,77.6,11.18
Narsaq,GL,1546824109,80,60.91,-46.05,92,17.52,2.13
Kalur Kot,PK,1546824125,8,32.16,71.27,74,32.78,2.8
Maua,KE,1546824125,8,0.23,37.94,75,52.94,2.8
Mackenzie,CA,1546822020,90,55.34,-123.09,78,10.4,2.24
Kaitangata,NZ,1546823998,12,-46.28,169.85,65,66.93,17.22
Mataura,NZ,1546823929,48,-46.19,168.86,64,65.85,16.89
Meulaboh,ID,1546823973,36,4.14,96.13,100,78.18,3.02
Saint-Augustin,FR,1546821000,90,44.83,-0.61,94,37.4,4.7
Mataura,NZ,1546823929,48,-46.19,168.86,64,65.85,16.89
New Norfolk,AU,1546822800,20,-42.78,147.06,42,68.0,11.41
Waipawa,NZ,1546824127,0,-39.94,176.59,56,77.51,16.67
Dikson,RU,1546823933,44,73.51,80.55,100,-7.28,27.29
Arraial do Cabo,BR,1546823906,32,-22.97,-42.02,78,80.25,20.02
Lavrentiya,RU,1546824021,0,65.58,-170.99,89,4.25,19.13
Samarai,PG,1546824078,32,-10.62,150.67,100,82.01,16.67
Berlevag,NO,1546823972,68,70.86,29.09,99,35.43,20.58
Rome,IT,1546822200,0,41.89,12.48,74,41.0,3.36
Busselton,AU,1546823908,0,-33.64,115.35,98,68.42,18.57
Waingapu,ID,1546824128,32,-9.65,120.26,95,78.32,4.14
Port Alfred,ZA,1546823948,0,-33.59,26.89,100,64.95,6.6
Sinazongwe,ZM,1546824129,68,-17.26,27.46,99,73.01,3.58
The Pas,CA,1546823940,90,53.82,-101.24,85,14.0,14.99
Hithadhoo,MV,1546823935,92,-0.6,73.08,100,77.51,0.89
Hermanus,ZA,1546823915,0,-34.42,19.24,95,53.97,3.91
East London,ZA,1546823934,0,-33.02,27.91,100,69.14,7.61
Victoria,BN,1546822800,75,5.28,115.24,79,84.2,4.7
College,US,1546822680,0,64.86,-147.8,69,-33.34,2.91
Mar del Plata,AR,1546824085,92,-46.43,-67.52,38,63.6,22.15
Kodinsk,RU,1546824130,68,58.6,99.18,76,-3.68,7.94
Coihaique,CL,1546822800,90,-45.58,-72.07,61,48.2,4.7
Rikitea,PF,1546823743,100,-23.12,-134.97,100,77.6,11.18
Yellowknife,CA,1546819200,40,62.45,-114.38,83,-5.81,11.41
Atuona,PF,1546823907,36,-9.8,-139.03,100,79.67,12.86
Shimoda,JP,1546822800,40,34.7,138.93,43,50.0,11.41
Bethel,US,1546822560,90,60.79,-161.76,91,10.94,9.17
Gamba,CN,1546824118,12,28.28,88.52,39,-16.19,4.36
High Level,CA,1546824131,88,58.52,-117.13,55,5.6,7.83
Rikitea,PF,1546823743,100,-23.12,-134.97,100,77.6,11.18
Tura,IN,1546824038,0,25.52,90.21,82,46.91,3.47
Ushuaia,AR,1546819200,75,-54.81,-68.31,80,39.2,23.04
Bredasdorp,ZA,1546822800,0,-34.53,20.04,82,60.8,4.7
Svetlaya,RU,1546824132,0,46.54,138.33,100,8.88,6.71
Busselton,AU,1546823908,0,-33.64,115.35,98,68.42,18.57
Mazsalaca,LV,1546824132,64,57.87,25.05,89,11.85,11.74
Micoud,LC,1546822800,40,13.82,-60.9,78,78.8,20.8
Port Hedland,AU,1546822800,0,-20.31,118.58,37,98.6,6.93
Pisco,PE,1546822800,20,-13.71,-76.2,88,71.6,11.41
Punta Arenas,CL,1546822800,40,-53.16,-70.91,95,44.6,9.17
Lakatoro,VU,1546824133,8,-16.11,167.42,75,85.16,9.4
Kruisfontein,ZA,1546823910,8,-34.0,24.73,88,62.12,8.5
Kenai,US,1546822560,1,60.55,-151.26,83,3.02,3.36
Airai,TL,1546824024,8,-8.93,125.41,87,76.25,0.34
Kapaa,US,1546822560,20,22.08,-159.32,57,80.06,8.05
Sept-Iles,CA,1546819200,75,50.2,-66.38,61,15.8,26.4
Sharjah,AE,1546822800,0,25.36,55.39,68,68.0,4.7
Carnarvon,ZA,1546824135,0,-30.97,22.13,29,63.87,10.96
Jeremie,HT,1546824135,0,18.65,-74.12,95,77.15,7.61
Longyearbyen,NO,1546822200,75,78.22,15.63,79,19.4,46.08
Punta Arenas,CL,1546822800,40,-53.16,-70.91,95,44.6,9.17
Ribeira Grande,PT,1546823938,92,38.52,-28.7,98,63.6,27.07
Jamestown,AU,1546823908,0,-33.21,138.6,42,74.22,7.49
Lavrentiya,RU,1546824021,0,65.58,-170.99,89,4.25,19.13
Maun,BW,1546822800,20,-19.99,23.42,94,69.8,4.7
Chuy,UY,1546823957,80,-33.69,-53.46,69,82.68,19.69
Escalerillas,MX,1546821960,40,19.14,-100.12,58,57.2,8.05
Mount Gambier,AU,1546822800,12,-37.83,140.78,53,71.6,6.93
Vao,EE,1546824102,76,59.1,26.19,92,20.36,10.29
Pangnirtung,CA,1546819200,90,66.15,-65.72,76,-9.41,18.34
Lagoa Formosa,BR,1546824138,12,-18.77,-46.41,90,69.23,5.03
New Norfolk,AU,1546822800,20,-42.78,147.06,42,68.0,11.41
Thompson,CA,1546819200,75,55.74,-97.86,84,3.2,4.7
Tessalit,ML,1546824138,12,20.2,1.01,41,52.85,9.51
Ancud,CL,1546822800,90,-41.87,-73.83,76,51.8,4.7
Atuona,PF,1546823907,36,-9.8,-139.03,100,79.67,12.86
Punta Arenas,CL,1546822800,40,-53.16,-70.91,95,44.6,9.17
Cape Town,ZA,1546822800,0,-33.93,18.42,82,64.4,10.29
Los Llanos de Aridane,ES,1546822800,80,28.66,-17.92,59,64.4,9.17
Kapaa,US,1546822560,20,22.08,-159.32,57,80.06,8.05
Wasilla,US,1546823040,90,61.58,-149.44,84,3.02,4.7
Rikitea,PF,1546823743,100,-23.12,-134.97,100,77.6,11.18
Fuerte Olimpo,BR,1546824144,8,-21.04,-57.87,57,88.85,16.11
Lorengau,PG,1546824144,88,-2.02,147.27,95,85.07,14.43
Atuona,PF,1546823907,36,-9.8,-139.03,100,79.67,12.86
Punta Arenas,CL,1546822800,40,-53.16,-70.91,95,44.6,9.17
Sol-Iletsk,RU,1546824145,80,51.16,55.0,88,13.07,2.91
Aklavik,CA,1546822800,90,68.22,-135.01,76,-7.61,3.36
Fonte Boa,BR,1546824107,48,-2.51,-66.09,90,78.32,7.38
Ancud,CL,1546822800,90,-41.87,-73.83,76,51.8,4.7
Buraydah,SA,1546819200,20,26.33,43.97,93,62.6,12.75
Cabo San Lucas,MX,1546822860,90,22.89,-109.91,94,71.6,11.18
Pevek,RU,1546823909,0,69.7,170.27,100,-28.97,4.36
Nouakchott,MR,1546822800,20,18.08,-15.98,15,64.4,9.17
Ushuaia,AR,1546819200,75,-54.81,-68.31,80,39.2,23.04
Cidreira,BR,1546824077,92,-30.17,-50.22,80,77.69,16.33
Albany,US,1546822620,1,42.65,-73.75,45,26.96,9.17
Kem,UG,1546824147,68,2.68,33.77,40,72.29,8.05
Rikitea,PF,1546823743,100,-23.12,-134.97,100,77.6,11.18
Kapaa,US,1546822560,20,22.08,-159.32,57,80.06,8.05
Saskylakh,RU,1546823911,12,71.97,114.09,0,-38.15,3.02
Rikitea,PF,1546823743,100,-23.12,-134.97,100,77.6,11.18
Ushuaia,AR,1546819200,75,-54.81,-68.31,80,39.2,23.04
Havre-Saint-Pierre,CA,1546822800,90,50.23,-63.6,62,19.4,16.11
Ushuaia,AR,1546819200,75,-54.81,-68.31,80,39.2,23.04
Norman Wells,CA,1546819200,20,65.28,-126.83,67,-27.41,2.24
Bluff,AU,1546823957,48,-23.58,149.07,53,84.8,13.76
Shakiso,ET,1546824149,92,5.77,38.9,43,55.01,2.46
Carnarvon,ZA,1546824135,0,-30.97,22.13,29,63.87,10.96
Khatanga,RU,1546824012,20,71.98,102.47,58,-33.02,6.15
Sioux Lookout,CA,1546823640,90,50.1,-91.92,85,15.8,16.11
Tasiilaq,GL,1546822200,0,65.61,-37.64,52,15.8,4.7
Ekibastuz,KZ,1546824150,0,51.72,75.32,67,-0.98,10.18
Albany,US,1546822620,1,42.65,-73.75,45,26.96,9.17
Faanui,PF,1546823980,68,-16.48,-151.75,100,83.22,11.74
Yellowknife,CA,1546819200,40,62.45,-114.38,83,-5.81,11.41
Wanxian,CN,1546824151,88,30.8,108.39,92,31.2,2.57
Georgetown,GY,1546822800,75,6.8,-58.16,83,80.6,13.87
Mataura,NZ,1546823929,48,-46.19,168.86,64,65.85,16.89
Havelock,US,1546822560,1,34.88,-76.9,53,57.92,8.05
Biak,ID,1546823991,20,-0.91,122.88,90,82.28,2.57
Hermanus,ZA,1546823915,0,-34.42,19.24,95,53.97,3.91
Rikitea,PF,1546823743,100,-23.12,-134.97,100,77.6,11.18
Sioux Lookout,CA,1546823640,90,50.1,-91.92,85,15.8,16.11
Busselton,AU,1546823908,0,-33.64,115.35,98,68.42,18.57
Lebu,ET,1546823905,8,8.96,38.73,71,32.87,2.57
Atuona,PF,1546823907,36,-9.8,-139.03,100,79.67,12.86
Qaanaaq,GL,1546823946,0,77.48,-69.36,93,-16.28,6.49
Turukhansk,RU,1546824153,76,65.8,87.96,74,3.03,18.9
Natitingou,BJ,1546819200,0,10.31,1.38,23,73.4,4.7
New Norfolk,AU,1546822800,20,-42.78,147.06,42,68.0,11.41
Sandpoint,US,1546823400,75,48.28,-116.55,80,37.04,3.36
Port Alfred,ZA,1546823948,0,-33.59,26.89,100,64.95,6.6
Ushuaia,AR,1546819200,75,-54.81,-68.31,80,39.2,23.04
Sao Filipe,CV,1546823945,0,14.9,-24.5,96,73.28,9.51
Sitka,US,1546824154,56,37.17,-99.65,39,64.64,22.03
Ahipara,NZ,1546823991,0,-35.17,173.16,66,75.71,9.4
Hasaki,JP,1546822800,20,35.73,140.83,41,42.8,11.41
Auki,NG,1546824155,36,12.18,6.51,29,64.91,10.85
Zatreni,RO,1546821000,75,44.77,23.85,92,26.6,3.36
Rikitea,PF,1546823743,100,-23.12,-134.97,100,77.6,11.18
Rikitea,PF,1546823743,100,-23.12,-134.97,100,77.6,11.18
Atar,MR,1546824156,0,20.52,-13.05,34,57.62,9.17
Teguise,ES,1546822800,0,29.06,-13.56,72,59.0,10.29
Busselton,AU,1546823908,0,-33.64,115.35,98,68.42,18.57
Ancud,CL,1546822800,90,-41.87,-73.83,76,51.8,4.7
Rikitea,PF,1546823743,100,-23.12,-134.97,100,77.6,11.18
Mataura,NZ,1546823929,48,-46.19,168.86,64,65.85,16.89
Mahebourg,MU,1546822800,75,-20.41,57.7,88,80.6,14.99
Along,IN,1546823906,0,28.17,94.8,59,40.97,2.57
Airai,TL,1546824024,8,-8.93,125.41,87,76.25,0.34
Hilo,US,1546822380,90,19.71,-155.08,57,78.08,6.93
Souillac,FR,1546821000,90,45.6,-0.6,80,39.2,3.36
Rikitea,PF,1546823743,100,-23.12,-134.97,100,77.6,11.18
Florianopolis,BR,1546822800,75,-27.6,-48.55,88,77.0,5.82
Houma,CN,1546824158,76,35.63,111.36,82,13.25,1.23
Tuktoyaktuk,CA,1546819200,90,69.44,-133.03,83,-4.01,3.36
Tazovskiy,RU,1546824158,68,67.47,78.7,78,-0.93,14.09
Castro,CL,1546822800,90,-42.48,-73.76,76,51.8,4.7
Ushuaia,AR,1546819200,75,-54.81,-68.31,80,39.2,23.04
Atuona,PF,1546823907,36,-9.8,-139.03,100,79.67,12.86
Atuona,PF,1546823907,36,-9.8,-139.03,100,79.67,12.86
Aksu,KZ,1546822800,0,52.04,76.93,91,-2.21,8.95
Albany,US,1546822620,1,42.65,-73.75,45,26.96,9.17
Merauke,ID,1546824160,92,-8.49,140.4,100,78.14,11.63
Coquimbo,CL,1546822800,0,-29.95,-71.34,72,62.6,4.7
Faanui,PF,1546823980,68,-16.48,-151.75,100,83.22,11.74
Punta Arenas,CL,1546822800,40,-53.16,-70.91,95,44.6,9.17
Clyde River,CA,1546823100,90,70.47,-68.59,83,-9.41,26.4
Ushuaia,AR,1546819200,75,-54.81,-68.31,80,39.2,23.04
Naze,NG,1546824044,24,5.43,7.07,75,76.97,9.4
Sao Filipe,CV,1546823945,0,14.9,-24.5,96,73.28,9.51
Mouzouras,GR,1546820400,75,35.53,24.15,100,42.8,4.81
Wuwei,CN,1546823980,12,37.93,102.64,47,-6.83,1.9
Torbat-e Jam,IR,1546824162,0,35.24,60.63,80,31.61,5.59
Prainha,BR,1546824162,68,-1.8,-53.48,99,76.34,2.57
Mataura,NZ,1546823929,48,-46.19,168.86,64,65.85,16.89
Yiyang,CN,1546824163,92,28.59,112.35,100,39.48,8.72
Gusau,NG,1546824163,36,12.17,6.66,29,64.91,10.85
Trairi,BR,1546823937,80,-3.28,-39.27,100,81.92,14.88
Punta Arenas,CL,1546822800,40,-53.16,-70.91,95,44.6,9.17
Arraias,BR,1546824163,64,-12.93,-46.94,95,67.61,6.15
Padang,ID,1546822800,40,-0.92,100.36,94,78.8,2.24
Saint-Philippe,CA,1546822800,1,45.36,-73.48,56,17.24,14.99
Port Alfred,ZA,1546823948,0,-33.59,26.89,100,64.95,6.6
Taunton,US,1546822560,90,41.9,-71.09,45,33.98,9.17
Punta Arenas,CL,1546822800,40,-53.16,-70.91,95,44.6,9.17
Barrow,AR,1546823906,32,-38.31,-60.23,66,68.82,12.19
Punta Arenas,CL,1546822800,40,-53.16,-70.91,95,44.6,9.17
Albany,US,1546822620,1,42.65,-73.75,45,26.96,9.17
Cherskiy,RU,1546823952,8,68.75,161.3,85,-39.68,1.68
Naze,NG,1546824044,24,5.43,7.07,75,76.97,9.4
Bluff,AU,1546823957,48,-23.58,149.07,53,84.8,13.76
Butaritari,KI,1546823941,20,3.07,172.79,100,83.13,13.76
Rikitea,PF,1546823743,100,-23.12,-134.97,100,77.6,11.18
Bethel,US,1546822560,90,60.79,-161.76,91,10.94,9.17
Kapaa,US,1546822560,20,22.08,-159.32,57,80.06,8.05
Katsuura,JP,1546822800,40,33.93,134.5,96,44.6,6.93
New Norfolk,AU,1546822800,20,-42.78,147.06,42,68.0,11.41
Talnakh,RU,1546823926,56,69.49,88.39,75,-0.57,21.03
Busselton,AU,1546823908,0,-33.64,115.35,98,68.42,18.57
Oistins,BB,1546822800,40,13.07,-59.53,78,78.8,16.11
Axim,GH,1546823930,0,4.87,-2.24,98,83.58,11.97
Omboue,GA,1546824167,92,-1.57,9.26,100,79.35,1.57
Portland,US,1546820700,75,45.52,-122.67,82,44.96,5.82
Riyadh,SA,1546822800,0,24.63,46.72,41,60.8,5.82
Georgetown,GY,1546822800,75,6.8,-58.16,83,80.6,13.87
Campeche,MX,1546821840,5,19.84,-90.54,83,75.2,11.41
Georgetown,GY,1546822800,75,6.8,-58.16,83,80.6,13.87
Tera,CY,1546822800,90,34.97,32.42,58,55.4,19.46
Lingao,CN,1546824169,88,19.91,109.69,99,67.79,5.93
Hobart,AU,1546822800,20,-42.88,147.33,42,68.0,11.41
Suntar,RU,1546824169,44,62.16,117.65,57,-1.43,8.16
Klaksvik,FO,1546822200,92,62.23,-6.59,80,41.0,17.22
Airai,TL,1546824024,8,-8.93,125.41,87,76.25,0.34
Virginia Beach,US,1546822560,75,36.85,-75.98,76,48.92,3.36
Vestmannaeyjar,IS,1546824170,92,63.44,-20.27,100,39.89,14.76
Portland,US,1546820700,75,45.52,-122.67,82,44.96,5.82
Hovd,NO,1546822200,90,63.83,10.7,94,39.2,17.22
Rikitea,PF,1546823743,100,-23.12,-134.97,100,77.6,11.18
Mikkeli,FI,1546822200,90,61.69,27.27,100,28.4,5.82
Srednekolymsk,RU,1546824171,24,67.46,153.71,50,-30.14,3.13
Haines Junction,CA,1546824172,0,60.75,-137.51,39,-28.16,2.01
Butaritari,KI,1546823941,20,3.07,172.79,100,83.13,13.76
Luderitz,NA,1546823966,0,-26.65,15.16,85,59.82,14.2
Cape Town,ZA,1546822800,0,-33.93,18.42,82,64.4,10.29
Rikitea,PF,1546823743,100,-23.12,-134.97,100,77.6,11.18
Santa Luzia,BR,1546822800,0,-19.77,-43.85,60,75.2,8.05
Hobart,AU,1546822800,20,-42.88,147.33,42,68.0,11.41
Bredasdorp,ZA,1546822800,0,-34.53,20.04,82,60.8,4.7
Mataura,NZ,1546823929,48,-46.19,168.86,64,65.85,16.89
Kapaa,US,1546822560,20,22.08,-159.32,57,80.06,8.05
Saldanha,PT,1546823906,0,41.42,-6.55,72,19.77,2.68
Alice Springs,AU,1546822800,0,-23.7,133.88,12,87.8,8.05
Bambari,CF,1546824379,76,5.77,20.68,66,74.54,2.91
Roseburg,US,1546823280,90,43.22,-123.34,88,42.98,6.93
Kingsville,US,1546822800,0,39.45,-76.42,39,48.02,9.73
Mahebourg,MU,1546822800,75,-20.41,57.7,88,80.6,14.99
Vaini,IN,1546822800,0,15.34,74.49,71,64.4,4.36
Tasiilaq,GL,1546822200,0,65.61,-37.64,52,15.8,4.7
Humberto de Campos,BR,1546824380,92,-2.6,-43.46,92,81.33,12.64
Thompson,CA,1546819200,75,55.74,-97.86,84,3.2,4.7
Jamestown,AU,1546823908,0,-33.21,138.6,42,74.22,7.49
Bredasdorp,ZA,1546822800,0,-34.53,20.04,82,60.8,4.7
Sortavala,RU,1546824380,88,61.7,30.69,90,23.69,13.76
Yar-Sale,RU,1546824381,68,66.83,70.83,91,3.26,16.78
Cidreira,BR,1546824077,92,-30.17,-50.22,80,77.69,16.33
Busselton,AU,1546823908,0,-33.64,115.35,98,68.42,18.57
Lompoc,US,1546822680,90,34.64,-120.46,79,57.92,14.99
New Norfolk,AU,1546822800,20,-42.78,147.06,42,68.0,11.41
Coquimbo,CL,1546822800,0,-29.95,-71.34,72,62.6,4.7
Bredasdorp,ZA,1546822800,0,-34.53,20.04,82,60.8,4.7
Aykhal,RU,1546823928,36,65.95,111.51,55,-12.45,5.7
Punta Arenas,CL,1546822800,40,-53.16,-70.91,95,44.6,9.17
Denpasar,ID,1546822800,20,-8.65,115.22,79,84.2,3.36
Kovur,IN,1546824382,8,14.5,79.99,86,55.55,3.02
Wewak,PG,1546824383,88,-3.55,143.63,86,80.07,4.47
Saint George,GR,1546818600,40,39.45,22.34,85,32.0,3.36
Rikitea,PF,1546823743,100,-23.12,-134.97,100,77.6,11.18
Turukhansk,RU,1546824153,76,65.8,87.96,74,3.03,18.9
Albany,US,1546822620,1,42.65,-73.75,45,26.96,9.17
Hilo,US,1546822380,90,19.71,-155.08,57,78.08,6.93
East London,ZA,1546823934,0,-33.02,27.91,100,69.14,7.61
Iqaluit,CA,1546822800,90,63.75,-68.52,57,-11.21,8.05
Punta Arenas,CL,1546822800,40,-53.16,-70.91,95,44.6,9.17
Norman Wells,CA,1546819200,20,65.28,-126.83,67,-27.41,2.24
Palembang,ID,1546822800,75,-2.99,104.76,100,78.8,3.36
Inta,RU,1546824386,88,66.04,60.13,70,1.1,6.93
Likhoslavl,RU,1546824386,68,57.12,35.47,90,15.59,6.6
Tuktoyaktuk,CA,1546819200,90,69.44,-133.03,83,-4.01,3.36
Adrar,DZ,1546819200,0,27.87,-0.29,45,44.6,8.05
De Aar,ZA,1546824386,48,-30.65,24.01,32,66.53,11.07
Butaritari,KI,1546823941,20,3.07,172.79,100,83.13,13.76
Ushuaia,AR,1546819200,75,-54.81,-68.31,80,39.2,23.04
Saskylakh,RU,1546823911,12,71.97,114.09,0,-38.15,3.02
Rikitea,PF,1546823743,100,-23.12,-134.97,100,77.6,11.18
Iqaluit,CA,1546822800,90,63.75,-68.52,57,-11.21,8.05
Vaini,IN,1546822800,0,15.34,74.49,71,64.4,4.36
Alofi,NU,1546819200,92,-19.06,-169.92,94,80.6,11.41
Qaanaaq,GL,1546823946,0,77.48,-69.36,93,-16.28,6.49
Punta Arenas,CL,1546822800,40,-53.16,-70.91,95,44.6,9.17
Harper,US,1546822500,1,30.3,-99.24,75,68.0,8.05
Saskylakh,RU,1546823911,12,71.97,114.09,0,-38.15,3.02
Busselton,AU,1546823908,0,-33.64,115.35,98,68.42,18.57
Avarua,CK,1546822800,75,-21.21,-159.78,69,80.6,11.41
New Norfolk,AU,1546822800,20,-42.78,147.06,42,68.0,11.41
Saint George,GR,1546818600,40,39.45,22.34,85,32.0,3.36
East London,ZA,1546823934,0,-33.02,27.91,100,69.14,7.61
Kaitangata,NZ,1546823998,12,-46.28,169.85,65,66.93,17.22
Tiksi,RU,1546823958,44,71.64,128.87,68,-23.39,2.46
Takoradi,GH,1546824390,0,4.89,-1.75,100,81.87,9.73
Christchurch,NZ,1546822800,12,-43.53,172.64,56,68.0,17.22
Geraldton,CA,1546822800,90,49.72,-86.95,77,3.2,5.82
Mataura,NZ,1546823929,48,-46.19,168.86,64,65.85,16.89
Cayenne,GF,1546822800,75,4.94,-52.33,88,78.8,10.29
